Workbook

Sheet Scorecard
A1: UNCVRD — AD SCORECARD
A2: Pick a Creator and a Week below. Pulls from the Daily Log. CPC ≤ $0.70, CVR ≥ 25%.
B3: Week of (Sun) ▸ | C3: 46180 | E3: Creator ▸ | F3: All | H3: ← pick creator & week
B4: METRIC | C4: =TEXT(C5,"ddd") | D4: =TEXT(D5,"ddd") | E4: =TEXT(E5,"ddd") | F4: =TEXT(F5,"ddd") | G4: =TEXT(G5,"ddd") | H4: =TEXT(H5,"ddd") | I4: =TEXT(I5,"ddd") | J4: Avg/day | K4: Target | L4: Status | M4: Source | N4: Notes
C5: =$C$3+0 | D5: =$C$3+1 | E5: =$C$3+2 | F5: =$C$3+3 | G5: =$C$3+4 | H5: =$C$3+5 | I5: =$C$3+6
A6: SPEND
B7: Ad Spend — Meta | C7: =SUMIFS('Daily Log'!$C:$C,'Daily Log'!$A:$A,C$5,'Daily Log'!$B:$B,IF($F$3="All","*",$F$3)) | D7: =SUMIFS('Daily Log'!$C:$C,'Daily Log'!$A:$A,D$5,'Daily Log'!$B:$B,IF($F$3="All","*",$F$3)) | E7: =SUMIFS('Daily Log'!$C:$C,'Daily Log'!$A:$A,E$5,'Daily Log'!$B:$B,IF($F$3="All","*",$F$3)) | F7: =SUMIFS('Daily Log'!$C:$C,'Daily Log'!$A:$A,F$5,'Daily Log'!$B:$B,IF($F$3="All","*",$F$3)) | G7: =SUMIFS('Daily Log'!$C:$C,'Daily Log'!$A:$A,G$5,'Daily Log'!$B:$B,IF($F$3="All","*",$F$3)) | H7: =SUMIFS('Daily Log'!$C:$C,'Daily Log'!$A:$A,H$5,'Daily Log'!$B:$B,IF($F$3="All","*",$F$3)) | I7: =SUMIFS('Daily Log'!$C:$C,'Daily Log'!$A:$A,I$5,'Daily Log'!$B:$B,IF($F$3="All","*",$F$3)) | J7: =IFERROR(AVERAGE(C7:I7),"") | M7: Meta API | N7: auto
B8: Ad Spend — OnlyFinder | C8: =SUMIFS('Daily Log'!$D:$D,'Daily Log'!$A:$A,C$5,'Daily Log'!$B:$B,IF($F$3="All","*",$F$3)) | D8: =SUMIFS('Daily Log'!$D:$D,'Daily Log'!$A:$A,D$5,'Daily Log'!$B:$B,IF($F$3="All","*",$F$3)) | E8: =SUMIFS('Daily Log'!$D:$D,'Daily Log'!$A:$A,E$5,'Daily Log'!$B:$B,IF($F$3="All","*",$F$3)) | F8: =SUMIFS('Daily Log'!$D:$D,'Daily Log'!$A:$A,F$5,'Daily Log'!$B:$B,IF($F$3="All","*",$F$3)) | G8: =SUMIFS('Daily Log'!$D:$D,'Daily Log'!$A:$A,G$5,'Daily Log'!$B:$B,IF($F$3="All","*",$F$3)) | H8: =SUMIFS('Daily Log'!$D:$D,'Daily Log'!$A:$A,H$5,'Daily Log'!$B:$B,IF($F$3="All","*",$F$3)) | I8: =SUMIFS('Daily Log'!$D:$D,'Daily Log'!$A:$A,I$5,'Daily Log'!$B:$B,IF($F$3="All","*",$F$3)) | J8: =IFERROR(AVERAGE(C8:I8),"") | M8: Manual | N8: type in Daily Log
B9: Ad Spend — OnlyGuider | C9: =SUMIFS('Daily Log'!$E:$E,'Daily Log'!$A:$A,C$5,'Daily Log'!$B:$B,IF($F$3="All","*",$F$3)) | D9: =SUMIFS('Daily Log'!$E:$E,'Daily Log'!$A:$A,D$5,'Daily Log'!$B:$B,IF($F$3="All","*",$F$3)) | E9: =SUMIFS('Daily Log'!$E:$E,'Daily Log'!$A:$A,E$5,'Daily Log'!$B:$B,IF($F$3="All","*",$F$3)) | F9: =SUMIFS('Daily Log'!$E:$E,'Daily Log'!$A:$A,F$5,'Daily Log'!$B:$B,IF($F$3="All","*",$F$3)) | G9: =SUMIFS('Daily Log'!$E:$E,'Daily Log'!$A:$A,G$5,'Daily Log'!$B:$B,IF($F$3="All","*",$F$3)) | H9: =SUMIFS('Daily Log'!$E:$E,'Daily Log'!$A:$A,H$5,'Daily Log'!$B:$B,IF($F$3="All","*",$F$3)) | I9: =SUMIFS('Daily Log'!$E:$E,'Daily Log'!$A:$A,I$5,'Daily Log'!$B:$B,IF($F$3="All","*",$F$3)) | J9: =IFERROR(AVERAGE(C9:I9),"") | M9: Manual | N9: type in Daily Log
B10: Ad Spend — OnlySeeker | C10: =SUMIFS('Daily Log'!$F:$F,'Daily Log'!$A:$A,C$5,'Daily Log'!$B:$B,IF($F$3="All","*",$F$3)) | D10: =SUMIFS('Daily Log'!$F:$F,'Daily Log'!$A:$A,D$5,'Daily Log'!$B:$B,IF($F$3="All","*",$F$3)) | E10: =SUMIFS('Daily Log'!$F:$F,'Daily Log'!$A:$A,E$5,'Daily Log'!$B:$B,IF($F$3="All","*",$F$3)) | F10: =SUMIFS('Daily Log'!$F:$F,'Daily Log'!$A:$A,F$5,'Daily Log'!$B:$B,IF($F$3="All","*",$F$3)) | G10: =SUMIFS('Daily Log'!$F:$F,'Daily Log'!$A:$A,G$5,'Daily Log'!$B:$B,IF($F$3="All","*",$F$3)) | H10: =SUMIFS('Daily Log'!$F:$F,'Daily Log'!$A:$A,H$5,'Daily Log'!$B:$B,IF($F$3="All","*",$F$3)) | I10: =SUMIFS('Daily Log'!$F:$F,'Daily Log'!$A:$A,I$5,'Daily Log'!$B:$B,IF($F$3="All","*",$F$3)) | J10: =IFERROR(AVERAGE(C10:I10),"") | M10: Manual | N10: type in Daily Log
B11: Total Ad Spend | C11: =SUM(C7:C10) | D11: =SUM(D7:D10) | E11: =SUM(E7:E10) | F11: =SUM(F7:F10) | G11: =SUM(G7:G10) | H11: =SUM(H7:H10) | I11: =SUM(I7:I10) | J11: =IFERROR(AVERAGE(C11:I11),"") | M11: Formula
A12: TRAFFIC
B13: Clicks — Meta | C13: =SUMIFS('Daily Log'!$G:$G,'Daily Log'!$A:$A,C$5,'Daily Log'!$B:$B,IF($F$3="All","*",$F$3)) | D13: =SUMIFS('Daily Log'!$G:$G,'Daily Log'!$A:$A,D$5,'Daily Log'!$B:$B,IF($F$3="All","*",$F$3)) | E13: =SUMIFS('Daily Log'!$G:$G,'Daily Log'!$A:$A,E$5,'Daily Log'!$B:$B,IF($F$3="All","*",$F$3)) | F13: =SUMIFS('Daily Log'!$G:$G,'Daily Log'!$A:$A,F$5,'Daily Log'!$B:$B,IF($F$3="All","*",$F$3)) | G13: =SUMIFS('Daily Log'!$G:$G,'Daily Log'!$A:$A,G$5,'Daily Log'!$B:$B,IF($F$3="All","*",$F$3)) | H13: =SUMIFS('Daily Log'!$G:$G,'Daily Log'!$A:$A,H$5,'Daily Log'!$B:$B,IF($F$3="All","*",$F$3)) | I13: =SUMIFS('Daily Log'!$G:$G,'Daily Log'!$A:$A,I$5,'Daily Log'!$B:$B,IF($F$3="All","*",$F$3)) | J13: =IFERROR(AVERAGE(C13:I13),"") | M13: OnlyFans API
B14: Clicks — OnlyFinder | C14: =SUMIFS('Daily Log'!$H:$H,'Daily Log'!$A:$A,C$5,'Daily Log'!$B:$B,IF($F$3="All","*",$F$3)) | D14: =SUMIFS('Daily Log'!$H:$H,'Daily Log'!$A:$A,D$5,'Daily Log'!$B:$B,IF($F$3="All","*",$F$3)) | E14: =SUMIFS('Daily Log'!$H:$H,'Daily Log'!$A:$A,E$5,'Daily Log'!$B:$B,IF($F$3="All","*",$F$3)) | F14: =SUMIFS('Daily Log'!$H:$H,'Daily Log'!$A:$A,F$5,'Daily Log'!$B:$B,IF($F$3="All","*",$F$3)) | G14: =SUMIFS('Daily Log'!$H:$H,'Daily Log'!$A:$A,G$5,'Daily Log'!$B:$B,IF($F$3="All","*",$F$3)) | H14: =SUMIFS('Daily Log'!$H:$H,'Daily Log'!$A:$A,H$5,'Daily Log'!$B:$B,IF($F$3="All","*",$F$3)) | I14: =SUMIFS('Daily Log'!$H:$H,'Daily Log'!$A:$A,I$5,'Daily Log'!$B:$B,IF($F$3="All","*",$F$3)) | J14: =IFERROR(AVERAGE(C14:I14),"") | M14: OnlyFans API
B15: Clicks — OnlyGuider | C15: =SUMIFS('Daily Log'!$I:$I,'Daily Log'!$A:$A,C$5,'Daily Log'!$B:$B,IF($F$3="All","*",$F$3)) | D15: =SUMIFS('Daily Log'!$I:$I,'Daily Log'!$A:$A,D$5,'Daily Log'!$B:$B,IF($F$3="All","*",$F$3)) | E15: =SUMIFS('Daily Log'!$I:$I,'Daily Log'!$A:$A,E$5,'Daily Log'!$B:$B,IF($F$3="All","*",$F$3)) | F15: =SUMIFS('Daily Log'!$I:$I,'Daily Log'!$A:$A,F$5,'Daily Log'!$B:$B,IF($F$3="All","*",$F$3)) | G15: =SUMIFS('Daily Log'!$I:$I,'Daily Log'!$A:$A,G$5,'Daily Log'!$B:$B,IF($F$3="All","*",$F$3)) | H15: =SUMIFS('Daily Log'!$I:$I,'Daily Log'!$A:$A,H$5,'Daily Log'!$B:$B,IF($F$3="All","*",$F$3)) | I15: =SUMIFS('Daily Log'!$I:$I,'Daily Log'!$A:$A,I$5,'Daily Log'!$B:$B,IF($F$3="All","*",$F$3)) | J15: =IFERROR(AVERAGE(C15:I15),"") | M15: OnlyFans API
B16: Clicks — OnlySeeker | C16: =SUMIFS('Daily Log'!$J:$J,'Daily Log'!$A:$A,C$5,'Daily Log'!$B:$B,IF($F$3="All","*",$F$3)) | D16: =SUMIFS('Daily Log'!$J:$J,'Daily Log'!$A:$A,D$5,'Daily Log'!$B:$B,IF($F$3="All","*",$F$3)) | E16: =SUMIFS('Daily Log'!$J:$J,'Daily Log'!$A:$A,E$5,'Daily Log'!$B:$B,IF($F$3="All","*",$F$3)) | F16: =SUMIFS('Daily Log'!$J:$J,'Daily Log'!$A:$A,F$5,'Daily Log'!$B:$B,IF($F$3="All","*",$F$3)) | G16: =SUMIFS('Daily Log'!$J:$J,'Daily Log'!$A:$A,G$5,'Daily Log'!$B:$B,IF($F$3="All","*",$F$3)) | H16: =SUMIFS('Daily Log'!$J:$J,'Daily Log'!$A:$A,H$5,'Daily Log'!$B:$B,IF($F$3="All","*",$F$3)) | I16: =SUMIFS('Daily Log'!$J:$J,'Daily Log'!$A:$A,I$5,'Daily Log'!$B:$B,IF($F$3="All","*",$F$3)) | J16: =IFERROR(AVERAGE(C16:I16),"") | M16: OnlyFans API
B17: Total Clicks | C17: =SUM(C13:C16) | D17: =SUM(D13:D16) | E17: =SUM(E13:E16) | F17: =SUM(F13:F16) | G17: =SUM(G13:G16) | H17: =SUM(H13:H16) | I17: =SUM(I13:I16) | J17: =IFERROR(AVERAGE(C17:I17),"") | M17: Formula
B18: CPC — Meta | C18: =IFERROR(C7/C13,"") | D18: =IFERROR(D7/D13,"") | E18: =IFERROR(E7/E13,"") | F18: =IFERROR(F7/F13,"") | G18: =IFERROR(G7/G13,"") | H18: =IFERROR(H7/H13,"") | I18: =IFERROR(I7/I13,"") | J18: =IFERROR(AVERAGE(C18:I18),"") | K18: 0.7 | L18: =IF(N(J18)=0,"",IF(J18<=K18,"✅","⚠️")) | M18: Formula | N18: ≤ $0.70
B19: CPC — OnlyFinder | C19: =IFERROR(C8/C14,"") | D19: =IFERROR(D8/D14,"") | E19: =IFERROR(E8/E14,"") | F19: =IFERROR(F8/F14,"") | G19: =IFERROR(G8/G14,"") | H19: =IFERROR(H8/H14,"") | I19: =IFERROR(I8/I14,"") | J19: =IFERROR(AVERAGE(C19:I19),"") | K19: 0.7 | L19: =IF(N(J19)=0,"",IF(J19<=K19,"✅","⚠️")) | M19: Formula | N19: ≤ $0.70
B20: Blended CPC | C20: =IFERROR(C11/C17,"") | D20: =IFERROR(D11/D17,"") | E20: =IFERROR(E11/E17,"") | F20: =IFERROR(F11/F17,"") | G20: =IFERROR(G11/G17,"") | H20: =IFERROR(H11/H17,"") | I20: =IFERROR(I11/I17,"") | J20: =IFERROR(AVERAGE(C20:I20),"") | K20: 0.7 | L20: =IF(N(J20)=0,"",IF(J20<=K20,"✅","⚠️")) | M20: Formula
A21: FANS (CONVERSIONS)
B22: New Fans — Meta | C22: =SUMIFS('Daily Log'!$K:$K,'Daily Log'!$A:$A,C$5,'Daily Log'!$B:$B,IF($F$3="All","*",$F$3)) | D22: =SUMIFS('Daily Log'!$K:$K,'Daily Log'!$A:$A,D$5,'Daily Log'!$B:$B,IF($F$3="All","*",$F$3)) | E22: =SUMIFS('Daily Log'!$K:$K,'Daily Log'!$A:$A,E$5,'Daily Log'!$B:$B,IF($F$3="All","*",$F$3)) | F22: =SUMIFS('Daily Log'!$K:$K,'Daily Log'!$A:$A,F$5,'Daily Log'!$B:$B,IF($F$3="All","*",$F$3)) | G22: =SUMIFS('Daily Log'!$K:$K,'Daily Log'!$A:$A,G$5,'Daily Log'!$B:$B,IF($F$3="All","*",$F$3)) | H22: =SUMIFS('Daily Log'!$K:$K,'Daily Log'!$A:$A,H$5,'Daily Log'!$B:$B,IF($F$3="All","*",$F$3)) | I22: =SUMIFS('Daily Log'!$K:$K,'Daily Log'!$A:$A,I$5,'Daily Log'!$B:$B,IF($F$3="All","*",$F$3)) | J22: =IFERROR(AVERAGE(C22:I22),"") | M22: OnlyFans API | N22: links tagged Meta
B23: New Fans — OnlyFinder | C23: =SUMIFS('Daily Log'!$L:$L,'Daily Log'!$A:$A,C$5,'Daily Log'!$B:$B,IF($F$3="All","*",$F$3)) | D23: =SUMIFS('Daily Log'!$L:$L,'Daily Log'!$A:$A,D$5,'Daily Log'!$B:$B,IF($F$3="All","*",$F$3)) | E23: =SUMIFS('Daily Log'!$L:$L,'Daily Log'!$A:$A,E$5,'Daily Log'!$B:$B,IF($F$3="All","*",$F$3)) | F23: =SUMIFS('Daily Log'!$L:$L,'Daily Log'!$A:$A,F$5,'Daily Log'!$B:$B,IF($F$3="All","*",$F$3)) | G23: =SUMIFS('Daily Log'!$L:$L,'Daily Log'!$A:$A,G$5,'Daily Log'!$B:$B,IF($F$3="All","*",$F$3)) | H23: =SUMIFS('Daily Log'!$L:$L,'Daily Log'!$A:$A,H$5,'Daily Log'!$B:$B,IF($F$3="All","*",$F$3)) | I23: =SUMIFS('Daily Log'!$L:$L,'Daily Log'!$A:$A,I$5,'Daily Log'!$B:$B,IF($F$3="All","*",$F$3)) | J23: =IFERROR(AVERAGE(C23:I23),"") | M23: OnlyFans API
B24: New Fans — OnlyGuider | C24: =SUMIFS('Daily Log'!$M:$M,'Daily Log'!$A:$A,C$5,'Daily Log'!$B:$B,IF($F$3="All","*",$F$3)) | D24: =SUMIFS('Daily Log'!$M:$M,'Daily Log'!$A:$A,D$5,'Daily Log'!$B:$B,IF($F$3="All","*",$F$3)) | E24: =SUMIFS('Daily Log'!$M:$M,'Daily Log'!$A:$A,E$5,'Daily Log'!$B:$B,IF($F$3="All","*",$F$3)) | F24: =SUMIFS('Daily Log'!$M:$M,'Daily Log'!$A:$A,F$5,'Daily Log'!$B:$B,IF($F$3="All","*",$F$3)) | G24: =SUMIFS('Daily Log'!$M:$M,'Daily Log'!$A:$A,G$5,'Daily Log'!$B:$B,IF($F$3="All","*",$F$3)) | H24: =SUMIFS('Daily Log'!$M:$M,'Daily Log'!$A:$A,H$5,'Daily Log'!$B:$B,IF($F$3="All","*",$F$3)) | I24: =SUMIFS('Daily Log'!$M:$M,'Daily Log'!$A:$A,I$5,'Daily Log'!$B:$B,IF($F$3="All","*",$F$3)) | J24: =IFERROR(AVERAGE(C24:I24),"") | M24: OnlyFans API
B25: New Fans — OnlySeeker | C25: =SUMIFS('Daily Log'!$N:$N,'Daily Log'!$A:$A,C$5,'Daily Log'!$B:$B,IF($F$3="All","*",$F$3)) | D25: =SUMIFS('Daily Log'!$N:$N,'Daily Log'!$A:$A,D$5,'Daily Log'!$B:$B,IF($F$3="All","*",$F$3)) | E25: =SUMIFS('Daily Log'!$N:$N,'Daily Log'!$A:$A,E$5,'Daily Log'!$B:$B,IF($F$3="All","*",$F$3)) | F25: =SUMIFS('Daily Log'!$N:$N,'Daily Log'!$A:$A,F$5,'Daily Log'!$B:$B,IF($F$3="All","*",$F$3)) | G25: =SUMIFS('Daily Log'!$N:$N,'Daily Log'!$A:$A,G$5,'Daily Log'!$B:$B,IF($F$3="All","*",$F$3)) | H25: =SUMIFS('Daily Log'!$N:$N,'Daily Log'!$A:$A,H$5,'Daily Log'!$B:$B,IF($F$3="All","*",$F$3)) | I25: =SUMIFS('Daily Log'!$N:$N,'Daily Log'!$A:$A,I$5,'Daily Log'!$B:$B,IF($F$3="All","*",$F$3)) | J25: =IFERROR(AVERAGE(C25:I25),"") | M25: OnlyFans API
B26: Total New Fans | C26: =SUM(C22:C25) | D26: =SUM(D22:D25) | E26: =SUM(E22:E25) | F26: =SUM(F22:F25) | G26: =SUM(G22:G25) | H26: =SUM(H22:H25) | I26: =SUM(I22:I25) | J26: =IFERROR(AVERAGE(C26:I26),"") | M26: Formula
B27: Subscription CVR — Meta | C27: =IFERROR(C22/C13,"") | D27: =IFERROR(D22/D13,"") | E27: =IFERROR(E22/E13,"") | F27: =IFERROR(F22/F13,"") | G27: =IFERROR(G22/G13,"") | H27: =IFERROR(H22/H13,"") | I27: =IFERROR(I22/I13,"") | J27: =IFERROR(AVERAGE(C27:I27),"") | K27: 0.25 | L27: =IF(N(J27)=0,"",IF(J27>=K27,"✅","⚠️")) | M27: Formula | N27: ≥ 25% else split-test
B28: Subscription CVR — Blended | C28: =IFERROR(C26/C17,"") | D28: =IFERROR(D26/D17,"") | E28: =IFERROR(E26/E17,"") | F28: =IFERROR(F26/F17,"") | G28: =IFERROR(G26/G17,"") | H28: =IFERROR(H26/H17,"") | I28: =IFERROR(I26/I17,"") | J28: =IFERROR(AVERAGE(C28:I28),"") | K28: 0.25 | L28: =IF(N(J28)=0,"",IF(J28>=K28,"✅","⚠️")) | M28: Formula
B29: Cost per Fan (CAC) | C29: =IFERROR(C11/C26,"") | D29: =IFERROR(D11/D26,"") | E29: =IFERROR(E11/E26,"") | F29: =IFERROR(F11/F26,"") | G29: =IFERROR(G11/G26,"") | H29: =IFERROR(H11/H26,"") | I29: =IFERROR(I11/I26,"") | J29: =IFERROR(AVERAGE(C29:I29),"") | M29: Formula
A30: REVENUE
B31: Revenue | C31: =SUMIFS('Daily Log'!$O:$O,'Daily Log'!$A:$A,C$5,'Daily Log'!$B:$B,IF($F$3="All","*",$F$3)) | D31: =SUMIFS('Daily Log'!$O:$O,'Daily Log'!$A:$A,D$5,'Daily Log'!$B:$B,IF($F$3="All","*",$F$3)) | E31: =SUMIFS('Daily Log'!$O:$O,'Daily Log'!$A:$A,E$5,'Daily Log'!$B:$B,IF($F$3="All","*",$F$3)) | F31: =SUMIFS('Daily Log'!$O:$O,'Daily Log'!$A:$A,F$5,'Daily Log'!$B:$B,IF($F$3="All","*",$F$3)) | G31: =SUMIFS('Daily Log'!$O:$O,'Daily Log'!$A:$A,G$5,'Daily Log'!$B:$B,IF($F$3="All","*",$F$3)) | H31: =SUMIFS('Daily Log'!$O:$O,'Daily Log'!$A:$A,H$5,'Daily Log'!$B:$B,IF($F$3="All","*",$F$3)) | I31: =SUMIFS('Daily Log'!$O:$O,'Daily Log'!$A:$A,I$5,'Daily Log'!$B:$B,IF($F$3="All","*",$F$3)) | J31: =IFERROR(AVERAGE(C31:I31),"") | M31: OnlyFans API
B32: Revenue per Fan (LTV) | C32: =IFERROR(C31/C26,"") | D32: =IFERROR(D31/D26,"") | E32: =IFERROR(E31/E26,"") | F32: =IFERROR(F31/F26,"") | G32: =IFERROR(G31/G26,"") | H32: =IFERROR(H31/H26,"") | I32: =IFERROR(I31/I26,"") | J32: =IFERROR(AVERAGE(C32:I32),"") | M32: Formula
B33: ROAS | C33: =IFERROR(C31/C11,"") | D33: =IFERROR(D31/D11,"") | E33: =IFERROR(E31/E11,"") | F33: =IFERROR(F31/F11,"") | G33: =IFERROR(G31/G11,"") | H33: =IFERROR(H31/H11,"") | I33: =IFERROR(I31/I11,"") | J33: =IFERROR(AVERAGE(C33:I33),"") | K33: 2 | L33: =IF(N(J33)=0,"",IF(J33>=K33,"✅","⚠️")) | M33: Formula | N33: ≥2x scale · <1x cut
B34: Profit | C34: =C31-C11 | D34: =D31-D11 | E34: =E31-E11 | F34: =F31-F11 | G34: =G31-G11 | H34: =H31-H11 | I34: =I31-I11 | J34: =IFERROR(AVERAGE(C34:I34),"") | M34: Formula

Sheet Daily Log
A1: DAILY LOG — one row per day PER CREATOR. Amber = type it in; green = the script fills it.
A2: Date | B2: Creator | C2: Ad Spend Meta | D2: Ad Spend OnlyFinder | E2: Ad Spend OnlyGuider | F2: Ad Spend OnlySeeker | G2: Clicks Meta | H2: Clicks OnlyFinder | I2: Clicks OnlyGuider | J2: Clicks OnlySeeker | K2: Fans Meta | L2: Fans OnlyFinder | M2: Fans OnlyGuider | N2: Fans OnlySeeker | O2: Revenue | P2: Total Spend | Q2: Total Fans | R2: ROAS | S2: Profit
