Workbook

Sheet Settings
A1: SETTINGS — edit the blue cells | D1: CREATOR SALARIES
A2: Target ROAS (revenue ÷ spend) | B2: 2.5 | D2: Creator | E2: Salary ($/mo)
A3: Target CAC ($ / new fan) | B3: 15 | D3: Marissa | E3: 2000
A4: Target LTV ($ / new fan) | B4: 40 | D4: Emma | E4: 2000
D5: Maylee | E5: 2000
A6: SCALE when ROAS ≥ | B6: 2
A7: CUT when ROAS < | B7: 1
A8: (KEEP = everything in between)

Sheet Daily Log
A1: Date | B1: Platform | C1: Creator | D1: Campaign | E1: Test | F1: Variant | G1: OF Link | H1: Spend | I1: Clicks | J1: New Fans | K1: Revenue | L1: CPC | M1: CAC | N1: Click→Sub % | O1: LTV | P1: ROAS | Q1: Profit | R1: Verdict
A2: 46178 | B2: OnlyFinder | C2: Marissa | D2: jun-launch | E2: profile pic A | F2: marissa-pic-a | G2: marissa-pic-a | H2: 40 | I2: 120 | J2: 9 | K2: 180 | L2: =IF($A2="","",IFERROR(H2/I2,"")) | M2: =IF($A2="","",IFERROR(H2/J2,"")) | N2: =IF($A2="","",IFERROR(J2/I2,"")) | O2: =IF($A2="","",IFERROR(K2/J2,"")) | P2: =IF($A2="","",IF(H2>0,IFERROR(K2/H2,0),"")) | Q2: =IF($A2="","",K2-H2) | R2: =IF($A2="","",IF(H2=0,"",IF(IFERROR(K2/H2,0)>=Settings!$B$6,"SCALE",IF(IFERROR(K2/H2,0)<Settings!$B$7,"CUT","KEEP"))))
A3: 46178 | B3: OnlyFinder | C3: Marissa | D3: jun-launch | E3: profile pic B | F3: marissa-pic-b | G3: marissa-pic-b | H3: 40 | I3: 95 | J3: 4 | K3: 60 | L3: =IF($A3="","",IFERROR(H3/I3,"")) | M3: =IF($A3="","",IFERROR(H3/J3,"")) | N3: =IF($A3="","",IFERROR(J3/I3,"")) | O3: =IF($A3="","",IFERROR(K3/J3,"")) | P3: =IF($A3="","",IF(H3>0,IFERROR(K3/H3,0),"")) | Q3: =IF($A3="","",K3-H3) | R3: =IF($A3="","",IF(H3=0,"",IF(IFERROR(K3/H3,0)>=Settings!$B$6,"SCALE",IF(IFERROR(K3/H3,0)<Settings!$B$7,"CUT","KEEP"))))
A4: 46178 | B4: Meta | C4: Emma | D4: jun-launch | E4: hook: shy | F4: emma-hook-shy | G4: emma-hook-shy | H4: 60 | I4: 80 | J4: 6 | K4: 140 | L4: =IF($A4="","",IFERROR(H4/I4,"")) | M4: =IF($A4="","",IFERROR(H4/J4,"")) | N4: =IF($A4="","",IFERROR(J4/I4,"")) | O4: =IF($A4="","",IFERROR(K4/J4,"")) | P4: =IF($A4="","",IF(H4>0,IFERROR(K4/H4,0),"")) | Q4: =IF($A4="","",K4-H4) | R4: =IF($A4="","",IF(H4=0,"",IF(IFERROR(K4/H4,0)>=Settings!$B$6,"SCALE",IF(IFERROR(K4/H4,0)<Settings!$B$7,"CUT","KEEP"))))
A5: 46178 | B5: Meta | C5: Emma | D5: jun-launch | E5: hook: bold | F5: emma-hook-bold | G5: emma-hook-bold | H5: 60 | I5: 150 | J5: 5 | K5: 70 | L5: =IF($A5="","",IFERROR(H5/I5,"")) | M5: =IF($A5="","",IFERROR(H5/J5,"")) | N5: =IF($A5="","",IFERROR(J5/I5,"")) | O5: =IF($A5="","",IFERROR(K5/J5,"")) | P5: =IF($A5="","",IF(H5>0,IFERROR(K5/H5,0),"")) | Q5: =IF($A5="","",K5-H5) | R5: =IF($A5="","",IF(H5=0,"",IF(IFERROR(K5/H5,0)>=Settings!$B$6,"SCALE",IF(IFERROR(K5/H5,0)<Settings!$B$7,"CUT","KEEP"))))
A6: 46178 | B6: OnlyFinder | C6: Maylee | D6: jun-launch | E6: keyword: gym | F6: maylee-gym | G6: maylee-gym | H6: 25 | I6: 90 | J6: 11 | K6: 320 | L6: =IF($A6="","",IFERROR(H6/I6,"")) | M6: =IF($A6="","",IFERROR(H6/J6,"")) | N6: =IF($A6="","",IFERROR(J6/I6,"")) | O6: =IF($A6="","",IFERROR(K6/J6,"")) | P6: =IF($A6="","",IF(H6>0,IFERROR(K6/H6,0),"")) | Q6: =IF($A6="","",K6-H6) | R6: =IF($A6="","",IF(H6=0,"",IF(IFERROR(K6/H6,0)>=Settings!$B$6,"SCALE",IF(IFERROR(K6/H6,0)<Settings!$B$7,"CUT","KEEP"))))
A7: 46178 | B7: OnlyFinder | C7: Maylee | D7: jun-launch | E7: keyword: beach | F7: maylee-beach | G7: maylee-beach | H7: 25 | I7: 70 | J7: 3 | K7: 40 | L7: =IF($A7="","",IFERROR(H7/I7,"")) | M7: =IF($A7="","",IFERROR(H7/J7,"")) | N7: =IF($A7="","",IFERROR(J7/I7,"")) | O7: =IF($A7="","",IFERROR(K7/J7,"")) | P7: =IF($A7="","",IF(H7>0,IFERROR(K7/H7,0),"")) | Q7: =IF($A7="","",K7-H7) | R7: =IF($A7="","",IF(H7=0,"",IF(IFERROR(K7/H7,0)>=Settings!$B$6,"SCALE",IF(IFERROR(K7/H7,0)<Settings!$B$7,"CUT","KEEP"))))
A8: 46179 | B8: OnlyFinder | C8: Marissa | D8: jun-launch | E8: profile pic A | F8: marissa-pic-a | G8: marissa-pic-a | H8: 45 | I8: 130 | J8: 10 | K8: 210 | L8: =IF($A8="","",IFERROR(H8/I8,"")) | M8: =IF($A8="","",IFERROR(H8/J8,"")) | N8: =IF($A8="","",IFERROR(J8/I8,"")) | O8: =IF($A8="","",IFERROR(K8/J8,"")) | P8: =IF($A8="","",IF(H8>0,IFERROR(K8/H8,0),"")) | Q8: =IF($A8="","",K8-H8) | R8: =IF($A8="","",IF(H8=0,"",IF(IFERROR(K8/H8,0)>=Settings!$B$6,"SCALE",IF(IFERROR(K8/H8,0)<Settings!$B$7,"CUT","KEEP"))))
A9: 46179 | B9: OnlyFinder | C9: Marissa | D9: jun-launch | E9: profile pic B | F9: marissa-pic-b | G9: marissa-pic-b | H9: 30 | I9: 70 | J9: 2 | K9: 25 | L9: =IF($A9="","",IFERROR(H9/I9,"")) | M9: =IF($A9="","",IFERROR(H9/J9,"")) | N9: =IF($A9="","",IFERROR(J9/I9,"")) | O9: =IF($A9="","",IFERROR(K9/J9,"")) | P9: =IF($A9="","",IF(H9>0,IFERROR(K9/H9,0),"")) | Q9: =IF($A9="","",K9-H9) | R9: =IF($A9="","",IF(H9=0,"",IF(IFERROR(K9/H9,0)>=Settings!$B$6,"SCALE",IF(IFERROR(K9/H9,0)<Settings!$B$7,"CUT","KEEP"))))
A10: 46179 | B10: Meta | C10: Emma | D10: jun-launch | E10: hook: shy | F10: emma-hook-shy | G10: emma-hook-shy | H10: 65 | I10: 85 | J10: 7 | K10: 175 | L10: =IF($A10="","",IFERROR(H10/I10,"")) | M10: =IF($A10="","",IFERROR(H10/J10,"")) | N10: =IF($A10="","",IFERROR(J10/I10,"")) | O10: =IF($A10="","",IFERROR(K10/J10,"")) | P10: =IF($A10="","",IF(H10>0,IFERROR(K10/H10,0),"")) | Q10: =IF($A10="","",K10-H10) | R10: =IF($A10="","",IF(H10=0,"",IF(IFERROR(K10/H10,0)>=Settings!$B$6,"SCALE",IF(IFERROR(K10/H10,0)<Settings!$B$7,"CUT","KEEP"))))
A11: 46179 | B11: Meta | C11: Emma | D11: jun-launch | E11: hook: bold | F11: emma-hook-bold | G11: emma-hook-bold | H11: 50 | I11: 120 | J11: 4 | K11: 55 | L11: =IF($A11="","",IFERROR(H11/I11,"")) | M11: =IF($A11="","",IFERROR(H11/J11,"")) | N11: =IF($A11="","",IFERROR(J11/I11,"")) | O11: =IF($A11="","",IFERROR(K11/J11,"")) | P11: =IF($A11="","",IF(H11>0,IFERROR(K11/H11,0),"")) | Q11: =IF($A11="","",K11-H11) | R11: =IF($A11="","",IF(H11=0,"",IF(IFERROR(K11/H11,0)>=Settings!$B$6,"SCALE",IF(IFERROR(K11/H11,0)<Settings!$B$7,"CUT","KEEP"))))
A12: 46179 | B12: OnlyFinder | C12: Maylee | D12: jun-launch | E12: keyword: gym | F12: maylee-gym | G12: maylee-gym | H12: 30 | I12: 100 | J12: 13 | K12: 360 | L12: =IF($A12="","",IFERROR(H12/I12,"")) | M12: =IF($A12="","",IFERROR(H12/J12,"")) | N12: =IF($A12="","",IFERROR(J12/I12,"")) | O12: =IF($A12="","",IFERROR(K12/J12,"")) | P12: =IF($A12="","",IF(H12>0,IFERROR(K12/H12,0),"")) | Q12: =IF($A12="","",K12-H12) | R12: =IF($A12="","",IF(H12=0,"",IF(IFERROR(K12/H12,0)>=Settings!$B$6,"SCALE",IF(IFERROR(K12/H12,0)<Settings!$B$7,"CUT","KEEP"))))
A13: 46179 | B13: OnlyFinder | C13: Maylee | D13: jun-launch | E13: keyword: beach | F13: maylee-beach | G13: maylee-beach | H13: 20 | I13: 60 | J13: 2 | K13: 30 | L13: =IF($A13="","",IFERROR(H13/I13,"")) | M13: =IF($A13="","",IFERROR(H13/J13,"")) | N13: =IF($A13="","",IFERROR(J13/I13,"")) | O13: =IF($A13="","",IFERROR(K13/J13,"")) | P13: =IF($A13="","",IF(H13>0,IFERROR(K13/H13,0),"")) | Q13: =IF($A13="","",K13-H13) | R13: =IF($A13="","",IF(H13=0,"",IF(IFERROR(K13/H13,0)>=Settings!$B$6,"SCALE",IF(IFERROR(K13/H13,0)<Settings!$B$7,"CUT","KEEP"))))
L14: =IF($A14="","",IFERROR(H14/I14,"")) | M14: =IF($A14="","",IFERROR(H14/J14,"")) | N14: =IF($A14="","",IFERROR(J14/I14,"")) | O14: =IF($A14="","",IFERROR(K14/J14,"")) | P14: =IF($A14="","",IF(H14>0,IFERROR(K14/H14,0),"")) | Q14: =IF($A14="","",K14-H14) | R14: =IF($A14="","",IF(H14=0,"",IF(IFERROR(K14/H14,0)>=Settings!$B$6,"SCALE",IF(IFERROR(K14/H14,0)<Settings!$B$7,"CUT","KEEP"))))
L15: =IF($A15="","",IFERROR(H15/I15,"")) | M15: =IF($A15="","",IFERROR(H15/J15,"")) | N15: =IF($A15="","",IFERROR(J15/I15,"")) | O15: =IF($A15="","",IFERROR(K15/J15,"")) | P15: =IF($A15="","",IF(H15>0,IFERROR(K15/H15,0),"")) | Q15: =IF($A15="","",K15-H15) | R15: =IF($A15="","",IF(H15=0,"",IF(IFERROR(K15/H15,0)>=Settings!$B$6,"SCALE",IF(IFERROR(K15/H15,0)<Settings!$B$7,"CUT","KEEP"))))
L16: =IF($A16="","",IFERROR(H16/I16,"")) | M16: =IF($A16="","",IFERROR(H16/J16,"")) | N16: =IF($A16="","",IFERROR(J16/I16,"")) | O16: =IF($A16="","",IFERROR(K16/J16,"")) | P16: =IF($A16="","",IF(H16>0,IFERROR(K16/H16,0),"")) | Q16: =IF($A16="","",K16-H16) | R16: =IF($A16="","",IF(H16=0,"",IF(IFERROR(K16/H16,0)>=Settings!$B$6,"SCALE",IF(IFERROR(K16/H16,0)<Settings!$B$7,"CUT","KEEP"))))
L17: =IF($A17="","",IFERROR(H17/I17,"")) | M17: =IF($A17="","",IFERROR(H17/J17,"")) | N17: =IF($A17="","",IFERROR(J17/I17,"")) | O17: =IF($A17="","",IFERROR(K17/J17,"")) | P17: =IF($A17="","",IF(H17>0,IFERROR(K17/H17,0),"")) | Q17: =IF($A17="","",K17-H17) | R17: =IF($A17="","",IF(H17=0,"",IF(IFERROR(K17/H17,0)>=Settings!$B$6,"SCALE",IF(IFERROR(K17/H17,0)<Settings!$B$7,"CUT","KEEP"))))
L18: =IF($A18="","",IFERROR(H18/I18,"")) | M18: =IF($A18="","",IFERROR(H18/J18,"")) | N18: =IF($A18="","",IFERROR(J18/I18,"")) | O18: =IF($A18="","",IFERROR(K18/J18,"")) | P18: =IF($A18="","",IF(H18>0,IFERROR(K18/H18,0),"")) | Q18: =IF($A18="","",K18-H18) | R18: =IF($A18="","",IF(H18=0,"",IF(IFERROR(K18/H18,0)>=Settings!$B$6,"SCALE",IF(IFERROR(K18/H18,0)<Settings!$B$7,"CUT","KEEP"))))
L19: =IF($A19="","",IFERROR(H19/I19,"")) | M19: =IF($A19="","",IFERROR(H19/J19,"")) | N19: =IF($A19="","",IFERROR(J19/I19,"")) | O19: =IF($A19="","",IFERROR(K19/J19,"")) | P19: =IF($A19="","",IF(H19>0,IFERROR(K19/H19,0),"")) | Q19: =IF($A19="","",K19-H19) | R19: =IF($A19="","",IF(H19=0,"",IF(IFERROR(K19/H19,0)>=Settings!$B$6,"SCALE",IF(IFERROR(K19/H19,0)<Settings!$B$7,"CUT","KEEP"))))
L20: =IF($A20="","",IFERROR(H20/I20,"")) | M20: =IF($A20="","",IFERROR(H20/J20,"")) | N20: =IF($A20="","",IFERROR(J20/I20,"")) | O20: =IF($A20="","",IFERROR(K20/J20,"")) | P20: =IF($A20="","",IF(H20>0,IFERROR(K20/H20,0),"")) | Q20: =IF($A20="","",K20-H20) | R20: =IF($A20="","",IF(H20=0,"",IF(IFERROR(K20/H20,0)>=Settings!$B$6,"SCALE",IF(IFERROR(K20/H20,0)<Settings!$B$7,"CUT","KEEP"))))
L21: =IF($A21="","",IFERROR(H21/I21,"")) | M21: =IF($A21="","",IFERROR(H21/J21,"")) | N21: =IF($A21="","",IFERROR(J21/I21,"")) | O21: =IF($A21="","",IFERROR(K21/J21,"")) | P21: =IF($A21="","",IF(H21>0,IFERROR(K21/H21,0),"")) | Q21: =IF($A21="","",K21-H21) | R21: =IF($A21="","",IF(H21=0,"",IF(IFERROR(K21/H21,0)>=Settings!$B$6,"SCALE",IF(IFERROR(K21/H21,0)<Settings!$B$7,"CUT","KEEP"))))
L22: =IF($A22="","",IFERROR(H22/I22,"")) | M22: =IF($A22="","",IFERROR(H22/J22,"")) | N22: =IF($A22="","",IFERROR(J22/I22,"")) | O22: =IF($A22="","",IFERROR(K22/J22,"")) | P22: =IF($A22="","",IF(H22>0,IFERROR(K22/H22,0),"")) | Q22: =IF($A22="","",K22-H22) | R22: =IF($A22="","",IF(H22=0,"",IF(IFERROR(K22/H22,0)>=Settings!$B$6,"SCALE",IF(IFERROR(K22/H22,0)<Settings!$B$7,"CUT","KEEP"))))
L23: =IF($A23="","",IFERROR(H23/I23,"")) | M23: =IF($A23="","",IFERROR(H23/J23,"")) | N23: =IF($A23="","",IFERROR(J23/I23,"")) | O23: =IF($A23="","",IFERROR(K23/J23,"")) | P23: =IF($A23="","",IF(H23>0,IFERROR(K23/H23,0),"")) | Q23: =IF($A23="","",K23-H23) | R23: =IF($A23="","",IF(H23=0,"",IF(IFERROR(K23/H23,0)>=Settings!$B$6,"SCALE",IF(IFERROR(K23/H23,0)<Settings!$B$7,"CUT","KEEP"))))
L24: =IF($A24="","",IFERROR(H24/I24,"")) | M24: =IF($A24="","",IFERROR(H24/J24,"")) | N24: =IF($A24="","",IFERROR(J24/I24,"")) | O24: =IF($A24="","",IFERROR(K24/J24,"")) | P24: =IF($A24="","",IF(H24>0,IFERROR(K24/H24,0),"")) | Q24: =IF($A24="","",K24-H24) | R24: =IF($A24="","",IF(H24=0,"",IF(IFERROR(K24/H24,0)>=Settings!$B$6,"SCALE",IF(IFERROR(K24/H24,0)<Settings!$B$7,"CUT","KEEP"))))
L25: =IF($A25="","",IFERROR(H25/I25,"")) | M25: =IF($A25="","",IFERROR(H25/J25,"")) | N25: =IF($A25="","",IFERROR(J25/I25,"")) | O25: =IF($A25="","",IFERROR(K25/J25,"")) | P25: =IF($A25="","",IF(H25>0,IFERROR(K25/H25,0),"")) | Q25: =IF($A25="","",K25-H25) | R25: =IF($A25="","",IF(H25=0,"",IF(IFERROR(K25/H25,0)>=Settings!$B$6,"SCALE",IF(IFERROR(K25/H25,0)<Settings!$B$7,"CUT","KEEP"))))
... L101: =IF($A101="","",IFERROR(H101/I101,"")) | M101: =IF($A101="","",IFERROR(H101/J101,"")) | N101: =IF($A101="","",IFERROR(J101/I101,"")) | O101: =IF($A101="","",IFERROR(K101/J101,"")) | P101: =IF($A101="","",IF(H101>0,IFERROR(K101/H101,0),"")) | Q101: =IF($A101="","",K101-H101) | R101: =IF($A101="","",IF(H101=0,"",IF(IFERROR(K101/H101,0)>=Settings!$B$6,"SCALE",IF(IFERROR(K101/H101,0)<Settings!$B$7,"CUT","KEEP"))))

Sheet Split Tests
A1: SPLIT TESTS
A3: Type a variant → | B3: marissa-pic-a | D3: ALL VARIANTS
A4: Spend | B4: =SUMIF('Daily Log'!$F:$F,$B$3,'Daily Log'!$H:$H) | D4: Variant | E4: Creator | F4: Spend | G4: Clicks | H4: New Fans | I4: Revenue | J4: CAC | K4: ROAS | L4: Profit | M4: Verdict
A5: Clicks | B5: =SUMIF('Daily Log'!$F:$F,$B$3,'Daily Log'!$I:$I) | D5: marissa-pic-a | E5: =IFERROR(INDEX('Daily Log'!$C:$C,MATCH(D5,'Daily Log'!$F:$F,0)),"") | F5: =SUMIF('Daily Log'!$F:$F,D5,'Daily Log'!$H:$H) | G5: =SUMIF('Daily Log'!$F:$F,D5,'Daily Log'!$I:$I) | H5: =SUMIF('Daily Log'!$F:$F,D5,'Daily Log'!$J:$J) | I5: =SUMIF('Daily Log'!$F:$F,D5,'Daily Log'!$K:$K) | J5: =IFERROR(F5/H5,"") | K5: =IFERROR(I5/F5,"") | L5: =I5-F5 | M5: =IF(F5=0,"",IF(K5>=Settings!$B$6,"SCALE",IF(K5<Settings!$B$7,"CUT","KEEP")))
A6: New Fans | B6: =SUMIF('Daily Log'!$F:$F,$B$3,'Daily Log'!$J:$J) | D6: marissa-pic-b | E6: =IFERROR(INDEX('Daily Log'!$C:$C,MATCH(D6,'Daily Log'!$F:$F,0)),"") | F6: =SUMIF('Daily Log'!$F:$F,D6,'Daily Log'!$H:$H) | G6: =SUMIF('Daily Log'!$F:$F,D6,'Daily Log'!$I:$I) | H6: =SUMIF('Daily Log'!$F:$F,D6,'Daily Log'!$J:$J) | I6: =SUMIF('Daily Log'!$F:$F,D6,'Daily Log'!$K:$K) | J6: =IFERROR(F6/H6,"") | K6: =IFERROR(I6/F6,"") | L6: =I6-F6 | M6: =IF(F6=0,"",IF(K6>=Settings!$B$6,"SCALE",IF(K6<Settings!$B$7,"CUT","KEEP")))
A7: Revenue | B7: =SUMIF('Daily Log'!$F:$F,$B$3,'Daily Log'!$K:$K) | D7: emma-hook-shy | E7: =IFERROR(INDEX('Daily Log'!$C:$C,MATCH(D7,'Daily Log'!$F:$F,0)),"") | F7: =SUMIF('Daily Log'!$F:$F,D7,'Daily Log'!$H:$H) | G7: =SUMIF('Daily Log'!$F:$F,D7,'Daily Log'!$I:$I) | H7: =SUMIF('Daily Log'!$F:$F,D7,'Daily Log'!$J:$J) | I7: =SUMIF('Daily Log'!$F:$F,D7,'Daily Log'!$K:$K) | J7: =IFERROR(F7/H7,"") | K7: =IFERROR(I7/F7,"") | L7: =I7-F7 | M7: =IF(F7=0,"",IF(K7>=Settings!$B$6,"SCALE",IF(K7<Settings!$B$7,"CUT","KEEP")))
A8: CPC | B8: =IFERROR(B4/B5,"") | D8: emma-hook-bold | E8: =IFERROR(INDEX('Daily Log'!$C:$C,MATCH(D8,'Daily Log'!$F:$F,0)),"") | F8: =SUMIF('Daily Log'!$F:$F,D8,'Daily Log'!$H:$H) | G8: =SUMIF('Daily Log'!$F:$F,D8,'Daily Log'!$I:$I) | H8: =SUMIF('Daily Log'!$F:$F,D8,'Daily Log'!$J:$J) | I8: =SUMIF('Daily Log'!$F:$F,D8,'Daily Log'!$K:$K) | J8: =IFERROR(F8/H8,"") | K8: =IFERROR(I8/F8,"") | L8: =I8-F8 | M8: =IF(F8=0,"",IF(K8>=Settings!$B$6,"SCALE",IF(K8<Settings!$B$7,"CUT","KEEP")))
A9: CAC | B9: =IFERROR(B4/B6,"") | D9: maylee-gym | E9: =IFERROR(INDEX('Daily Log'!$C:$C,MATCH(D9,'Daily Log'!$F:$F,0)),"") | F9: =SUMIF('Daily Log'!$F:$F,D9,'Daily Log'!$H:$H) | G9: =SUMIF('Daily Log'!$F:$F,D9,'Daily Log'!$I:$I) | H9: =SUMIF('Daily Log'!$F:$F,D9,'Daily Log'!$J:$J) | I9: =SUMIF('Daily Log'!$F:$F,D9,'Daily Log'!$K:$K) | J9: =IFERROR(F9/H9,"") | K9: =IFERROR(I9/F9,"") | L9: =I9-F9 | M9: =IF(F9=0,"",IF(K9>=Settings!$B$6,"SCALE",IF(K9<Settings!$B$7,"CUT","KEEP")))
A10: Click→Sub % | B10: =IFERROR(B6/B5,"") | D10: maylee-beach | E10: =IFERROR(INDEX('Daily Log'!$C:$C,MATCH(D10,'Daily Log'!$F:$F,0)),"") | F10: =SUMIF('Daily Log'!$F:$F,D10,'Daily Log'!$H:$H) | G10: =SUMIF('Daily Log'!$F:$F,D10,'Daily Log'!$I:$I) | H10: =SUMIF('Daily Log'!$F:$F,D10,'Daily Log'!$J:$J) | I10: =SUMIF('Daily Log'!$F:$F,D10,'Daily Log'!$K:$K) | J10: =IFERROR(F10/H10,"") | K10: =IFERROR(I10/F10,"") | L10: =I10-F10 | M10: =IF(F10=0,"",IF(K10>=Settings!$B$6,"SCALE",IF(K10<Settings!$B$7,"CUT","KEEP")))
A11: LTV | B11: =IFERROR(B7/B6,"")
A12: ROAS | B12: =IFERROR(B7/B4,"")
A13: Profit | B13: =B7-B4
A14: Verdict | B14: =IF(B4=0,"no data for that variant",IF(B12>=Settings!$B$6,"SCALE — more of this",IF(B12<Settings!$B$7,"CUT — less of this","KEEP")))

Sheet Creator Dashboard
A1: CREATOR DASHBOARD
A2: Creator | B2: Spend | C2: New Fans | D2: Revenue | E2: CAC | F2: LTV | G2: ROAS | H2: Ad Profit | I2: Salary | J2: Net Profit
A3: Marissa | B3: =SUMIF('Daily Log'!$C:$C,A3,'Daily Log'!$H:$H) | C3: =SUMIF('Daily Log'!$C:$C,A3,'Daily Log'!$J:$J) | D3: =SUMIF('Daily Log'!$C:$C,A3,'Daily Log'!$K:$K) | E3: =IFERROR(B3/C3,"") | F3: =IFERROR(D3/C3,"") | G3: =IFERROR(D3/B3,"") | H3: =D3-B3 | I3: =IFERROR(VLOOKUP(A3,Settings!$D:$E,2,FALSE),0) | J3: =H3-I3
A4: Emma | B4: =SUMIF('Daily Log'!$C:$C,A4,'Daily Log'!$H:$H) | C4: =SUMIF('Daily Log'!$C:$C,A4,'Daily Log'!$J:$J) | D4: =SUMIF('Daily Log'!$C:$C,A4,'Daily Log'!$K:$K) | E4: =IFERROR(B4/C4,"") | F4: =IFERROR(D4/C4,"") | G4: =IFERROR(D4/B4,"") | H4: =D4-B4 | I4: =IFERROR(VLOOKUP(A4,Settings!$D:$E,2,FALSE),0) | J4: =H4-I4
A5: Maylee | B5: =SUMIF('Daily Log'!$C:$C,A5,'Daily Log'!$H:$H) | C5: =SUMIF('Daily Log'!$C:$C,A5,'Daily Log'!$J:$J) | D5: =SUMIF('Daily Log'!$C:$C,A5,'Daily Log'!$K:$K) | E5: =IFERROR(B5/C5,"") | F5: =IFERROR(D5/C5,"") | G5: =IFERROR(D5/B5,"") | H5: =D5-B5 | I5: =IFERROR(VLOOKUP(A5,Settings!$D:$E,2,FALSE),0) | J5: =H5-I5

Sheet Platform Summary
A1: PLATFORM SUMMARY
A2: Platform | B2: Spend | C2: Clicks | D2: New Fans | E2: Revenue | F2: CPC | G2: CAC | H2: ROAS
A3: Meta | B3: =SUMIF('Daily Log'!$B:$B,A3,'Daily Log'!$H:$H) | C3: =SUMIF('Daily Log'!$B:$B,A3,'Daily Log'!$I:$I) | D3: =SUMIF('Daily Log'!$B:$B,A3,'Daily Log'!$J:$J) | E3: =SUMIF('Daily Log'!$B:$B,A3,'Daily Log'!$K:$K) | F3: =IFERROR(B3/C3,"") | G3: =IFERROR(B3/D3,"") | H3: =IFERROR(E3/B3,"")
A4: OnlyFinder | B4: =SUMIF('Daily Log'!$B:$B,A4,'Daily Log'!$H:$H) | C4: =SUMIF('Daily Log'!$B:$B,A4,'Daily Log'!$I:$I) | D4: =SUMIF('Daily Log'!$B:$B,A4,'Daily Log'!$J:$J) | E4: =SUMIF('Daily Log'!$B:$B,A4,'Daily Log'!$K:$K) | F4: =IFERROR(B4/C4,"") | G4: =IFERROR(B4/D4,"") | H4: =IFERROR(E4/B4,"")
