Workbook

Sheet Start Here
A1: UNCVRD — AD SUITE
A2: ① Paste this sheet's ID here ▸ | C2: Copy the long code in this sheet's URL (between /d/ and /edit) and paste it in the yellow box. This switches ON the Manual Spend / Clicks / Link Settings tabs — the auto tabs already fill themselves.
A4: WHAT EACH TAB IS FOR
A5: Tab | B5: What it's for | F5: You…
A6: Compare | B6: Pick a date range → see every platform side by side. Your quick comparison view. | F6: just read
A7: Daily Breakdown | B7: One row per day + platform, every metric. Newest on top. Auto. | F7: just read
A8: Scorecard | B8: Weekly detail — pick a creator + week. Auto. | F8: just read
A9: Manual Spend | B9: TYPE here: what you spent on OnlyFinder / OnlyGuider / OnlySeeker. | F9: TYPE
A10: Manual Clicks | B10: TYPE here only to override a day's clicks (e.g. OnlyFinder's billed number). | F10: TYPE
A11: Link Settings | B11: Force a link's platform, or 'Ignore' it. Blank = automatic. | F11: TYPE
A12: Feed | B12: Raw auto data from the server. DON'T TOUCH. | F12: don't touch

Sheet Compare
A1: COMPARE PLATFORMS
A2: Pick a date range — every platform's totals line up side by side. Reads from Daily Breakdown.
A3: From ▸ | B3: 46182 | C3: To ▸ | D3: 46188 | F3: ← change the range to compare any period
A4: Platform | B4: Clicks | C4: Fans | D4: Spend | E4: CPC | F4: Cost / Fan | G4: CVR | H4: Revenue | I4: ROAS | J4: Profit
A5: Meta | B5: =SUMIFS('Daily Breakdown'!$C:$C,'Daily Breakdown'!$N:$N,">="&TEXT($B$3,"yyyy-mm-dd"),'Daily Breakdown'!$N:$N,"<="&TEXT($D$3,"yyyy-mm-dd"),'Daily Breakdown'!$B:$B,"Meta") | C5: =SUMIFS('Daily Breakdown'!$D:$D,'Daily Breakdown'!$N:$N,">="&TEXT($B$3,"yyyy-mm-dd"),'Daily Breakdown'!$N:$N,"<="&TEXT($D$3,"yyyy-mm-dd"),'Daily Breakdown'!$B:$B,"Meta") | D5: =SUMIFS('Daily Breakdown'!$E:$E,'Daily Breakdown'!$N:$N,">="&TEXT($B$3,"yyyy-mm-dd"),'Daily Breakdown'!$N:$N,"<="&TEXT($D$3,"yyyy-mm-dd"),'Daily Breakdown'!$B:$B,"Meta") | E5: =IFERROR(D5/B5,"") | F5: =IFERROR(D5/C5,"") | G5: =IFERROR(C5/B5,"") | H5: =SUMIFS('Daily Breakdown'!$I:$I,'Daily Breakdown'!$N:$N,">="&TEXT($B$3,"yyyy-mm-dd"),'Daily Breakdown'!$N:$N,"<="&TEXT($D$3,"yyyy-mm-dd"),'Daily Breakdown'!$B:$B,"Meta") | I5: =IFERROR(H5/D5,"") | J5: =H5-D5
A6: OnlyFinder | B6: =SUMIFS('Daily Breakdown'!$C:$C,'Daily Breakdown'!$N:$N,">="&TEXT($B$3,"yyyy-mm-dd"),'Daily Breakdown'!$N:$N,"<="&TEXT($D$3,"yyyy-mm-dd"),'Daily Breakdown'!$B:$B,"OnlyFinder") | C6: =SUMIFS('Daily Breakdown'!$D:$D,'Daily Breakdown'!$N:$N,">="&TEXT($B$3,"yyyy-mm-dd"),'Daily Breakdown'!$N:$N,"<="&TEXT($D$3,"yyyy-mm-dd"),'Daily Breakdown'!$B:$B,"OnlyFinder") | D6: =SUMIFS('Daily Breakdown'!$E:$E,'Daily Breakdown'!$N:$N,">="&TEXT($B$3,"yyyy-mm-dd"),'Daily Breakdown'!$N:$N,"<="&TEXT($D$3,"yyyy-mm-dd"),'Daily Breakdown'!$B:$B,"OnlyFinder") | E6: =IFERROR(D6/B6,"") | F6: =IFERROR(D6/C6,"") | G6: =IFERROR(C6/B6,"") | H6: =SUMIFS('Daily Breakdown'!$I:$I,'Daily Breakdown'!$N:$N,">="&TEXT($B$3,"yyyy-mm-dd"),'Daily Breakdown'!$N:$N,"<="&TEXT($D$3,"yyyy-mm-dd"),'Daily Breakdown'!$B:$B,"OnlyFinder") | I6: =IFERROR(H6/D6,"") | J6: =H6-D6
A7: OnlyGuider | B7: =SUMIFS('Daily Breakdown'!$C:$C,'Daily Breakdown'!$N:$N,">="&TEXT($B$3,"yyyy-mm-dd"),'Daily Breakdown'!$N:$N,"<="&TEXT($D$3,"yyyy-mm-dd"),'Daily Breakdown'!$B:$B,"OnlyGuider") | C7: =SUMIFS('Daily Breakdown'!$D:$D,'Daily Breakdown'!$N:$N,">="&TEXT($B$3,"yyyy-mm-dd"),'Daily Breakdown'!$N:$N,"<="&TEXT($D$3,"yyyy-mm-dd"),'Daily Breakdown'!$B:$B,"OnlyGuider") | D7: =SUMIFS('Daily Breakdown'!$E:$E,'Daily Breakdown'!$N:$N,">="&TEXT($B$3,"yyyy-mm-dd"),'Daily Breakdown'!$N:$N,"<="&TEXT($D$3,"yyyy-mm-dd"),'Daily Breakdown'!$B:$B,"OnlyGuider") | E7: =IFERROR(D7/B7,"") | F7: =IFERROR(D7/C7,"") | G7: =IFERROR(C7/B7,"") | H7: =SUMIFS('Daily Breakdown'!$I:$I,'Daily Breakdown'!$N:$N,">="&TEXT($B$3,"yyyy-mm-dd"),'Daily Breakdown'!$N:$N,"<="&TEXT($D$3,"yyyy-mm-dd"),'Daily Breakdown'!$B:$B,"OnlyGuider") | I7: =IFERROR(H7/D7,"") | J7: =H7-D7
A8: OnlySeeker | B8: =SUMIFS('Daily Breakdown'!$C:$C,'Daily Breakdown'!$N:$N,">="&TEXT($B$3,"yyyy-mm-dd"),'Daily Breakdown'!$N:$N,"<="&TEXT($D$3,"yyyy-mm-dd"),'Daily Breakdown'!$B:$B,"OnlySeeker") | C8: =SUMIFS('Daily Breakdown'!$D:$D,'Daily Breakdown'!$N:$N,">="&TEXT($B$3,"yyyy-mm-dd"),'Daily Breakdown'!$N:$N,"<="&TEXT($D$3,"yyyy-mm-dd"),'Daily Breakdown'!$B:$B,"OnlySeeker") | D8: =SUMIFS('Daily Breakdown'!$E:$E,'Daily Breakdown'!$N:$N,">="&TEXT($B$3,"yyyy-mm-dd"),'Daily Breakdown'!$N:$N,"<="&TEXT($D$3,"yyyy-mm-dd"),'Daily Breakdown'!$B:$B,"OnlySeeker") | E8: =IFERROR(D8/B8,"") | F8: =IFERROR(D8/C8,"") | G8: =IFERROR(C8/B8,"") | H8: =SUMIFS('Daily Breakdown'!$I:$I,'Daily Breakdown'!$N:$N,">="&TEXT($B$3,"yyyy-mm-dd"),'Daily Breakdown'!$N:$N,"<="&TEXT($D$3,"yyyy-mm-dd"),'Daily Breakdown'!$B:$B,"OnlySeeker") | I8: =IFERROR(H8/D8,"") | J8: =H8-D8
A9: TOTAL | B9: =SUMIFS('Daily Breakdown'!$C:$C,'Daily Breakdown'!$N:$N,">="&TEXT($B$3,"yyyy-mm-dd"),'Daily Breakdown'!$N:$N,"<="&TEXT($D$3,"yyyy-mm-dd")) | C9: =SUMIFS('Daily Breakdown'!$D:$D,'Daily Breakdown'!$N:$N,">="&TEXT($B$3,"yyyy-mm-dd"),'Daily Breakdown'!$N:$N,"<="&TEXT($D$3,"yyyy-mm-dd")) | D9: =SUMIFS('Daily Breakdown'!$E:$E,'Daily Breakdown'!$N:$N,">="&TEXT($B$3,"yyyy-mm-dd"),'Daily Breakdown'!$N:$N,"<="&TEXT($D$3,"yyyy-mm-dd")) | E9: =IFERROR(D9/B9,"") | F9: =IFERROR(D9/C9,"") | G9: =IFERROR(C9/B9,"") | H9: =SUMIFS('Daily Breakdown'!$I:$I,'Daily Breakdown'!$N:$N,">="&TEXT($B$3,"yyyy-mm-dd"),'Daily Breakdown'!$N:$N,"<="&TEXT($D$3,"yyyy-mm-dd")) | I9: =IFERROR(H9/D9,"") | J9: =H9-D9

Sheet Daily Breakdown
A1: =IFERROR(IMPORTDATA("https://uncvrd-ad-suite.onrender.com/sheet-flat?key=uncvrd2026&sheet="&'Start Here'!$B$2),"") | N1: DateKey | P1: One row per day + platform · newest on top · fills itself. (Spend columns need Manual Spend / Meta token.)
N2: =ARRAYFORMULA(IF(LEN(A2:A100000)=0,"",TEXT(A2:A100000,"yyyy-mm-dd")))

Sheet Scorecard
A1: UNCVRD — WEEKLY SCORECARD
A2: Pick a Creator and a Week. Auto from the server. CPC ≤ $0.70, CVR ≥ 25%.
B3: Week of (Sun) ▸ | C3: 46187 | E3: Creator ▸ | F3: All
B4: METRIC | C4: =TEXT(C5,"ddd") | D4: =TEXT(D5,"ddd") | E4: =TEXT(E5,"ddd") | F4: =TEXT(F5,"ddd") | G4: =TEXT(G5,"ddd") | H4: =TEXT(H5,"ddd") | I4: =TEXT(I5,"ddd") | J4: Avg/day | K4: Target | L4: Status | M4: Source | N4: Notes
C5: =$C$3+0 | D5: =$C$3+1 | E5: =$C$3+2 | F5: =$C$3+3 | G5: =$C$3+4 | H5: =$C$3+5 | I5: =$C$3+6
A6: SPEND
B7: Ad Spend — Meta | C7: =SUMIFS(Feed!$C:$C,Feed!$U:$U,TEXT(C$5,"yyyy-mm-dd"),Feed!$B:$B,IF($F$3="All","*",$F$3)) | D7: =SUMIFS(Feed!$C:$C,Feed!$U:$U,TEXT(D$5,"yyyy-mm-dd"),Feed!$B:$B,IF($F$3="All","*",$F$3)) | E7: =SUMIFS(Feed!$C:$C,Feed!$U:$U,TEXT(E$5,"yyyy-mm-dd"),Feed!$B:$B,IF($F$3="All","*",$F$3)) | F7: =SUMIFS(Feed!$C:$C,Feed!$U:$U,TEXT(F$5,"yyyy-mm-dd"),Feed!$B:$B,IF($F$3="All","*",$F$3)) | G7: =SUMIFS(Feed!$C:$C,Feed!$U:$U,TEXT(G$5,"yyyy-mm-dd"),Feed!$B:$B,IF($F$3="All","*",$F$3)) | H7: =SUMIFS(Feed!$C:$C,Feed!$U:$U,TEXT(H$5,"yyyy-mm-dd"),Feed!$B:$B,IF($F$3="All","*",$F$3)) | I7: =SUMIFS(Feed!$C:$C,Feed!$U:$U,TEXT(I$5,"yyyy-mm-dd"),Feed!$B:$B,IF($F$3="All","*",$F$3)) | J7: =IFERROR(AVERAGE(C7:I7),"") | M7: Meta API | N7: auto
B8: Ad Spend — OnlyFinder | C8: =SUMIFS(Feed!$D:$D,Feed!$U:$U,TEXT(C$5,"yyyy-mm-dd"),Feed!$B:$B,IF($F$3="All","*",$F$3)) | D8: =SUMIFS(Feed!$D:$D,Feed!$U:$U,TEXT(D$5,"yyyy-mm-dd"),Feed!$B:$B,IF($F$3="All","*",$F$3)) | E8: =SUMIFS(Feed!$D:$D,Feed!$U:$U,TEXT(E$5,"yyyy-mm-dd"),Feed!$B:$B,IF($F$3="All","*",$F$3)) | F8: =SUMIFS(Feed!$D:$D,Feed!$U:$U,TEXT(F$5,"yyyy-mm-dd"),Feed!$B:$B,IF($F$3="All","*",$F$3)) | G8: =SUMIFS(Feed!$D:$D,Feed!$U:$U,TEXT(G$5,"yyyy-mm-dd"),Feed!$B:$B,IF($F$3="All","*",$F$3)) | H8: =SUMIFS(Feed!$D:$D,Feed!$U:$U,TEXT(H$5,"yyyy-mm-dd"),Feed!$B:$B,IF($F$3="All","*",$F$3)) | I8: =SUMIFS(Feed!$D:$D,Feed!$U:$U,TEXT(I$5,"yyyy-mm-dd"),Feed!$B:$B,IF($F$3="All","*",$F$3)) | J8: =IFERROR(AVERAGE(C8:I8),"") | M8: Manual Spend tab
B9: Ad Spend — OnlyGuider | C9: =SUMIFS(Feed!$E:$E,Feed!$U:$U,TEXT(C$5,"yyyy-mm-dd"),Feed!$B:$B,IF($F$3="All","*",$F$3)) | D9: =SUMIFS(Feed!$E:$E,Feed!$U:$U,TEXT(D$5,"yyyy-mm-dd"),Feed!$B:$B,IF($F$3="All","*",$F$3)) | E9: =SUMIFS(Feed!$E:$E,Feed!$U:$U,TEXT(E$5,"yyyy-mm-dd"),Feed!$B:$B,IF($F$3="All","*",$F$3)) | F9: =SUMIFS(Feed!$E:$E,Feed!$U:$U,TEXT(F$5,"yyyy-mm-dd"),Feed!$B:$B,IF($F$3="All","*",$F$3)) | G9: =SUMIFS(Feed!$E:$E,Feed!$U:$U,TEXT(G$5,"yyyy-mm-dd"),Feed!$B:$B,IF($F$3="All","*",$F$3)) | H9: =SUMIFS(Feed!$E:$E,Feed!$U:$U,TEXT(H$5,"yyyy-mm-dd"),Feed!$B:$B,IF($F$3="All","*",$F$3)) | I9: =SUMIFS(Feed!$E:$E,Feed!$U:$U,TEXT(I$5,"yyyy-mm-dd"),Feed!$B:$B,IF($F$3="All","*",$F$3)) | J9: =IFERROR(AVERAGE(C9:I9),"") | M9: Manual Spend tab
B10: Ad Spend — OnlySeeker | C10: =SUMIFS(Feed!$F:$F,Feed!$U:$U,TEXT(C$5,"yyyy-mm-dd"),Feed!$B:$B,IF($F$3="All","*",$F$3)) | D10: =SUMIFS(Feed!$F:$F,Feed!$U:$U,TEXT(D$5,"yyyy-mm-dd"),Feed!$B:$B,IF($F$3="All","*",$F$3)) | E10: =SUMIFS(Feed!$F:$F,Feed!$U:$U,TEXT(E$5,"yyyy-mm-dd"),Feed!$B:$B,IF($F$3="All","*",$F$3)) | F10: =SUMIFS(Feed!$F:$F,Feed!$U:$U,TEXT(F$5,"yyyy-mm-dd"),Feed!$B:$B,IF($F$3="All","*",$F$3)) | G10: =SUMIFS(Feed!$F:$F,Feed!$U:$U,TEXT(G$5,"yyyy-mm-dd"),Feed!$B:$B,IF($F$3="All","*",$F$3)) | H10: =SUMIFS(Feed!$F:$F,Feed!$U:$U,TEXT(H$5,"yyyy-mm-dd"),Feed!$B:$B,IF($F$3="All","*",$F$3)) | I10: =SUMIFS(Feed!$F:$F,Feed!$U:$U,TEXT(I$5,"yyyy-mm-dd"),Feed!$B:$B,IF($F$3="All","*",$F$3)) | J10: =IFERROR(AVERAGE(C10:I10),"") | M10: Manual Spend tab
B11: Total Ad Spend | C11: =SUM(C7:C10) | D11: =SUM(D7:D10) | E11: =SUM(E7:E10) | F11: =SUM(F7:F10) | G11: =SUM(G7:G10) | H11: =SUM(H7:H10) | I11: =SUM(I7:I10) | J11: =IFERROR(AVERAGE(C11:I11),"") | M11: Formula
A12: TRAFFIC
B13: Clicks — Meta | C13: =SUMIFS(Feed!$G:$G,Feed!$U:$U,TEXT(C$5,"yyyy-mm-dd"),Feed!$B:$B,IF($F$3="All","*",$F$3)) | D13: =SUMIFS(Feed!$G:$G,Feed!$U:$U,TEXT(D$5,"yyyy-mm-dd"),Feed!$B:$B,IF($F$3="All","*",$F$3)) | E13: =SUMIFS(Feed!$G:$G,Feed!$U:$U,TEXT(E$5,"yyyy-mm-dd"),Feed!$B:$B,IF($F$3="All","*",$F$3)) | F13: =SUMIFS(Feed!$G:$G,Feed!$U:$U,TEXT(F$5,"yyyy-mm-dd"),Feed!$B:$B,IF($F$3="All","*",$F$3)) | G13: =SUMIFS(Feed!$G:$G,Feed!$U:$U,TEXT(G$5,"yyyy-mm-dd"),Feed!$B:$B,IF($F$3="All","*",$F$3)) | H13: =SUMIFS(Feed!$G:$G,Feed!$U:$U,TEXT(H$5,"yyyy-mm-dd"),Feed!$B:$B,IF($F$3="All","*",$F$3)) | I13: =SUMIFS(Feed!$G:$G,Feed!$U:$U,TEXT(I$5,"yyyy-mm-dd"),Feed!$B:$B,IF($F$3="All","*",$F$3)) | J13: =IFERROR(AVERAGE(C13:I13),"") | M13: OnlyFans API
B14: Clicks — OnlyFinder | C14: =SUMIFS(Feed!$H:$H,Feed!$U:$U,TEXT(C$5,"yyyy-mm-dd"),Feed!$B:$B,IF($F$3="All","*",$F$3)) | D14: =SUMIFS(Feed!$H:$H,Feed!$U:$U,TEXT(D$5,"yyyy-mm-dd"),Feed!$B:$B,IF($F$3="All","*",$F$3)) | E14: =SUMIFS(Feed!$H:$H,Feed!$U:$U,TEXT(E$5,"yyyy-mm-dd"),Feed!$B:$B,IF($F$3="All","*",$F$3)) | F14: =SUMIFS(Feed!$H:$H,Feed!$U:$U,TEXT(F$5,"yyyy-mm-dd"),Feed!$B:$B,IF($F$3="All","*",$F$3)) | G14: =SUMIFS(Feed!$H:$H,Feed!$U:$U,TEXT(G$5,"yyyy-mm-dd"),Feed!$B:$B,IF($F$3="All","*",$F$3)) | H14: =SUMIFS(Feed!$H:$H,Feed!$U:$U,TEXT(H$5,"yyyy-mm-dd"),Feed!$B:$B,IF($F$3="All","*",$F$3)) | I14: =SUMIFS(Feed!$H:$H,Feed!$U:$U,TEXT(I$5,"yyyy-mm-dd"),Feed!$B:$B,IF($F$3="All","*",$F$3)) | J14: =IFERROR(AVERAGE(C14:I14),"") | M14: OnlyFans API
B15: Clicks — OnlyGuider | C15: =SUMIFS(Feed!$I:$I,Feed!$U:$U,TEXT(C$5,"yyyy-mm-dd"),Feed!$B:$B,IF($F$3="All","*",$F$3)) | D15: =SUMIFS(Feed!$I:$I,Feed!$U:$U,TEXT(D$5,"yyyy-mm-dd"),Feed!$B:$B,IF($F$3="All","*",$F$3)) | E15: =SUMIFS(Feed!$I:$I,Feed!$U:$U,TEXT(E$5,"yyyy-mm-dd"),Feed!$B:$B,IF($F$3="All","*",$F$3)) | F15: =SUMIFS(Feed!$I:$I,Feed!$U:$U,TEXT(F$5,"yyyy-mm-dd"),Feed!$B:$B,IF($F$3="All","*",$F$3)) | G15: =SUMIFS(Feed!$I:$I,Feed!$U:$U,TEXT(G$5,"yyyy-mm-dd"),Feed!$B:$B,IF($F$3="All","*",$F$3)) | H15: =SUMIFS(Feed!$I:$I,Feed!$U:$U,TEXT(H$5,"yyyy-mm-dd"),Feed!$B:$B,IF($F$3="All","*",$F$3)) | I15: =SUMIFS(Feed!$I:$I,Feed!$U:$U,TEXT(I$5,"yyyy-mm-dd"),Feed!$B:$B,IF($F$3="All","*",$F$3)) | J15: =IFERROR(AVERAGE(C15:I15),"") | M15: OnlyFans API
B16: Clicks — OnlySeeker | C16: =SUMIFS(Feed!$J:$J,Feed!$U:$U,TEXT(C$5,"yyyy-mm-dd"),Feed!$B:$B,IF($F$3="All","*",$F$3)) | D16: =SUMIFS(Feed!$J:$J,Feed!$U:$U,TEXT(D$5,"yyyy-mm-dd"),Feed!$B:$B,IF($F$3="All","*",$F$3)) | E16: =SUMIFS(Feed!$J:$J,Feed!$U:$U,TEXT(E$5,"yyyy-mm-dd"),Feed!$B:$B,IF($F$3="All","*",$F$3)) | F16: =SUMIFS(Feed!$J:$J,Feed!$U:$U,TEXT(F$5,"yyyy-mm-dd"),Feed!$B:$B,IF($F$3="All","*",$F$3)) | G16: =SUMIFS(Feed!$J:$J,Feed!$U:$U,TEXT(G$5,"yyyy-mm-dd"),Feed!$B:$B,IF($F$3="All","*",$F$3)) | H16: =SUMIFS(Feed!$J:$J,Feed!$U:$U,TEXT(H$5,"yyyy-mm-dd"),Feed!$B:$B,IF($F$3="All","*",$F$3)) | I16: =SUMIFS(Feed!$J:$J,Feed!$U:$U,TEXT(I$5,"yyyy-mm-dd"),Feed!$B:$B,IF($F$3="All","*",$F$3)) | J16: =IFERROR(AVERAGE(C16:I16),"") | M16: OnlyFans API
B17: Total Clicks | C17: =SUM(C13:C16) | D17: =SUM(D13:D16) | E17: =SUM(E13:E16) | F17: =SUM(F13:F16) | G17: =SUM(G13:G16) | H17: =SUM(H13:H16) | I17: =SUM(I13:I16) | J17: =IFERROR(AVERAGE(C17:I17),"") | M17: Formula
B18: CPC — Meta | C18: =IFERROR(C7/C13,"") | D18: =IFERROR(D7/D13,"") | E18: =IFERROR(E7/E13,"") | F18: =IFERROR(F7/F13,"") | G18: =IFERROR(G7/G13,"") | H18: =IFERROR(H7/H13,"") | I18: =IFERROR(I7/I13,"") | J18: =IFERROR(AVERAGE(C18:I18),"") | K18: 0.7 | L18: =IF(N(J18)=0,"",IF(J18<=K18,"✅","⚠️")) | M18: Formula | N18: ≤ $0.70
B19: CPC — OnlyFinder | C19: =IFERROR(C8/C14,"") | D19: =IFERROR(D8/D14,"") | E19: =IFERROR(E8/E14,"") | F19: =IFERROR(F8/F14,"") | G19: =IFERROR(G8/G14,"") | H19: =IFERROR(H8/H14,"") | I19: =IFERROR(I8/I14,"") | J19: =IFERROR(AVERAGE(C19:I19),"") | K19: 0.7 | L19: =IF(N(J19)=0,"",IF(J19<=K19,"✅","⚠️")) | M19: Formula | N19: ≤ $0.70
B20: Blended CPC | C20: =IFERROR(C11/C17,"") | D20: =IFERROR(D11/D17,"") | E20: =IFERROR(E11/E17,"") | F20: =IFERROR(F11/F17,"") | G20: =IFERROR(G11/G17,"") | H20: =IFERROR(H11/H17,"") | I20: =IFERROR(I11/I17,"") | J20: =IFERROR(AVERAGE(C20:I20),"") | K20: 0.7 | L20: =IF(N(J20)=0,"",IF(J20<=K20,"✅","⚠️")) | M20: Formula
A21: FANS (CONVERSIONS)
B22: New Fans — Meta | C22: =SUMIFS(Feed!$K:$K,Feed!$U:$U,TEXT(C$5,"yyyy-mm-dd"),Feed!$B:$B,IF($F$3="All","*",$F$3)) | D22: =SUMIFS(Feed!$K:$K,Feed!$U:$U,TEXT(D$5,"yyyy-mm-dd"),Feed!$B:$B,IF($F$3="All","*",$F$3)) | E22: =SUMIFS(Feed!$K:$K,Feed!$U:$U,TEXT(E$5,"yyyy-mm-dd"),Feed!$B:$B,IF($F$3="All","*",$F$3)) | F22: =SUMIFS(Feed!$K:$K,Feed!$U:$U,TEXT(F$5,"yyyy-mm-dd"),Feed!$B:$B,IF($F$3="All","*",$F$3)) | G22: =SUMIFS(Feed!$K:$K,Feed!$U:$U,TEXT(G$5,"yyyy-mm-dd"),Feed!$B:$B,IF($F$3="All","*",$F$3)) | H22: =SUMIFS(Feed!$K:$K,Feed!$U:$U,TEXT(H$5,"yyyy-mm-dd"),Feed!$B:$B,IF($F$3="All","*",$F$3)) | I22: =SUMIFS(Feed!$K:$K,Feed!$U:$U,TEXT(I$5,"yyyy-mm-dd"),Feed!$B:$B,IF($F$3="All","*",$F$3)) | J22: =IFERROR(AVERAGE(C22:I22),"") | M22: OnlyFans API | N22: links named meta
B23: New Fans — OnlyFinder | C23: =SUMIFS(Feed!$L:$L,Feed!$U:$U,TEXT(C$5,"yyyy-mm-dd"),Feed!$B:$B,IF($F$3="All","*",$F$3)) | D23: =SUMIFS(Feed!$L:$L,Feed!$U:$U,TEXT(D$5,"yyyy-mm-dd"),Feed!$B:$B,IF($F$3="All","*",$F$3)) | E23: =SUMIFS(Feed!$L:$L,Feed!$U:$U,TEXT(E$5,"yyyy-mm-dd"),Feed!$B:$B,IF($F$3="All","*",$F$3)) | F23: =SUMIFS(Feed!$L:$L,Feed!$U:$U,TEXT(F$5,"yyyy-mm-dd"),Feed!$B:$B,IF($F$3="All","*",$F$3)) | G23: =SUMIFS(Feed!$L:$L,Feed!$U:$U,TEXT(G$5,"yyyy-mm-dd"),Feed!$B:$B,IF($F$3="All","*",$F$3)) | H23: =SUMIFS(Feed!$L:$L,Feed!$U:$U,TEXT(H$5,"yyyy-mm-dd"),Feed!$B:$B,IF($F$3="All","*",$F$3)) | I23: =SUMIFS(Feed!$L:$L,Feed!$U:$U,TEXT(I$5,"yyyy-mm-dd"),Feed!$B:$B,IF($F$3="All","*",$F$3)) | J23: =IFERROR(AVERAGE(C23:I23),"") | M23: OnlyFans API
B24: New Fans — OnlyGuider | C24: =SUMIFS(Feed!$M:$M,Feed!$U:$U,TEXT(C$5,"yyyy-mm-dd"),Feed!$B:$B,IF($F$3="All","*",$F$3)) | D24: =SUMIFS(Feed!$M:$M,Feed!$U:$U,TEXT(D$5,"yyyy-mm-dd"),Feed!$B:$B,IF($F$3="All","*",$F$3)) | E24: =SUMIFS(Feed!$M:$M,Feed!$U:$U,TEXT(E$5,"yyyy-mm-dd"),Feed!$B:$B,IF($F$3="All","*",$F$3)) | F24: =SUMIFS(Feed!$M:$M,Feed!$U:$U,TEXT(F$5,"yyyy-mm-dd"),Feed!$B:$B,IF($F$3="All","*",$F$3)) | G24: =SUMIFS(Feed!$M:$M,Feed!$U:$U,TEXT(G$5,"yyyy-mm-dd"),Feed!$B:$B,IF($F$3="All","*",$F$3)) | H24: =SUMIFS(Feed!$M:$M,Feed!$U:$U,TEXT(H$5,"yyyy-mm-dd"),Feed!$B:$B,IF($F$3="All","*",$F$3)) | I24: =SUMIFS(Feed!$M:$M,Feed!$U:$U,TEXT(I$5,"yyyy-mm-dd"),Feed!$B:$B,IF($F$3="All","*",$F$3)) | J24: =IFERROR(AVERAGE(C24:I24),"") | M24: OnlyFans API
B25: New Fans — OnlySeeker | C25: =SUMIFS(Feed!$N:$N,Feed!$U:$U,TEXT(C$5,"yyyy-mm-dd"),Feed!$B:$B,IF($F$3="All","*",$F$3)) | D25: =SUMIFS(Feed!$N:$N,Feed!$U:$U,TEXT(D$5,"yyyy-mm-dd"),Feed!$B:$B,IF($F$3="All","*",$F$3)) | E25: =SUMIFS(Feed!$N:$N,Feed!$U:$U,TEXT(E$5,"yyyy-mm-dd"),Feed!$B:$B,IF($F$3="All","*",$F$3)) | F25: =SUMIFS(Feed!$N:$N,Feed!$U:$U,TEXT(F$5,"yyyy-mm-dd"),Feed!$B:$B,IF($F$3="All","*",$F$3)) | G25: =SUMIFS(Feed!$N:$N,Feed!$U:$U,TEXT(G$5,"yyyy-mm-dd"),Feed!$B:$B,IF($F$3="All","*",$F$3)) | H25: =SUMIFS(Feed!$N:$N,Feed!$U:$U,TEXT(H$5,"yyyy-mm-dd"),Feed!$B:$B,IF($F$3="All","*",$F$3)) | I25: =SUMIFS(Feed!$N:$N,Feed!$U:$U,TEXT(I$5,"yyyy-mm-dd"),Feed!$B:$B,IF($F$3="All","*",$F$3)) | J25: =IFERROR(AVERAGE(C25:I25),"") | M25: OnlyFans API
B26: Total New Fans | C26: =SUM(C22:C25) | D26: =SUM(D22:D25) | E26: =SUM(E22:E25) | F26: =SUM(F22:F25) | G26: =SUM(G22:G25) | H26: =SUM(H22:H25) | I26: =SUM(I22:I25) | J26: =IFERROR(AVERAGE(C26:I26),"") | M26: Formula
B27: Subscription CVR — Meta | C27: =IFERROR(C22/C13,"") | D27: =IFERROR(D22/D13,"") | E27: =IFERROR(E22/E13,"") | F27: =IFERROR(F22/F13,"") | G27: =IFERROR(G22/G13,"") | H27: =IFERROR(H22/H13,"") | I27: =IFERROR(I22/I13,"") | J27: =IFERROR(AVERAGE(C27:I27),"") | K27: 0.25 | L27: =IF(N(J27)=0,"",IF(J27>=K27,"✅","⚠️")) | M27: Formula | N27: ≥ 25% else split-test
B28: Subscription CVR — Blended | C28: =IFERROR(C26/C17,"") | D28: =IFERROR(D26/D17,"") | E28: =IFERROR(E26/E17,"") | F28: =IFERROR(F26/F17,"") | G28: =IFERROR(G26/G17,"") | H28: =IFERROR(H26/H17,"") | I28: =IFERROR(I26/I17,"") | J28: =IFERROR(AVERAGE(C28:I28),"") | K28: 0.25 | L28: =IF(N(J28)=0,"",IF(J28>=K28,"✅","⚠️")) | M28: Formula
B29: Cost per Fan (CAC) | C29: =IFERROR(C11/C26,"") | D29: =IFERROR(D11/D26,"") | E29: =IFERROR(E11/E26,"") | F29: =IFERROR(F11/F26,"") | G29: =IFERROR(G11/G26,"") | H29: =IFERROR(H11/H26,"") | I29: =IFERROR(I11/I26,"") | J29: =IFERROR(AVERAGE(C29:I29),"") | M29: Formula
A30: REVENUE
B31: Revenue | C31: =SUMIFS(Feed!$O:$O,Feed!$U:$U,TEXT(C$5,"yyyy-mm-dd"),Feed!$B:$B,IF($F$3="All","*",$F$3)) | D31: =SUMIFS(Feed!$O:$O,Feed!$U:$U,TEXT(D$5,"yyyy-mm-dd"),Feed!$B:$B,IF($F$3="All","*",$F$3)) | E31: =SUMIFS(Feed!$O:$O,Feed!$U:$U,TEXT(E$5,"yyyy-mm-dd"),Feed!$B:$B,IF($F$3="All","*",$F$3)) | F31: =SUMIFS(Feed!$O:$O,Feed!$U:$U,TEXT(F$5,"yyyy-mm-dd"),Feed!$B:$B,IF($F$3="All","*",$F$3)) | G31: =SUMIFS(Feed!$O:$O,Feed!$U:$U,TEXT(G$5,"yyyy-mm-dd"),Feed!$B:$B,IF($F$3="All","*",$F$3)) | H31: =SUMIFS(Feed!$O:$O,Feed!$U:$U,TEXT(H$5,"yyyy-mm-dd"),Feed!$B:$B,IF($F$3="All","*",$F$3)) | I31: =SUMIFS(Feed!$O:$O,Feed!$U:$U,TEXT(I$5,"yyyy-mm-dd"),Feed!$B:$B,IF($F$3="All","*",$F$3)) | J31: =IFERROR(AVERAGE(C31:I31),"") | M31: OnlyFans API
B32: Revenue per Fan (LTV) | C32: =IFERROR(C31/C26,"") | D32: =IFERROR(D31/D26,"") | E32: =IFERROR(E31/E26,"") | F32: =IFERROR(F31/F26,"") | G32: =IFERROR(G31/G26,"") | H32: =IFERROR(H31/H26,"") | I32: =IFERROR(I31/I26,"") | J32: =IFERROR(AVERAGE(C32:I32),"") | M32: Formula
B33: ROAS | C33: =IFERROR(C31/C11,"") | D33: =IFERROR(D31/D11,"") | E33: =IFERROR(E31/E11,"") | F33: =IFERROR(F31/F11,"") | G33: =IFERROR(G31/G11,"") | H33: =IFERROR(H31/H11,"") | I33: =IFERROR(I31/I11,"") | J33: =IFERROR(AVERAGE(C33:I33),"") | K33: 2 | L33: =IF(N(J33)=0,"",IF(J33>=K33,"✅","⚠️")) | M33: Formula | N33: ≥2x scale · <1x cut
B34: Profit | C34: =C31-C11 | D34: =D31-D11 | E34: =E31-E11 | F34: =F31-F11 | G34: =G31-G11 | H34: =H31-H11 | I34: =I31-I11 | J34: =IFERROR(AVERAGE(C34:I34),"") | M34: Formula

Sheet Manual Spend
A1: MANUAL SPEND — type what you spent on OnlyFinder / OnlyGuider / OnlySeeker (no API). One row per day.
A2: Date | B2: Creator | C2: Platform | D2: Amount ($)

Sheet Manual Clicks
A1: MANUAL CLICKS — type a number ONLY to override the auto clicks for a day/creator/platform.
A2: Date | B2: Creator | C2: Platform | D2: Clicks

Sheet Link Settings
A1: LINK SETTINGS — blank Override = auto by name. Force a platform, or type Ignore to drop a link.
A2: Creator | B2: Tracking link | C2: Code | D2: Auto-detected | E2: Override
A3: June - Sandra | B3: meta ads | C3: 37 | D3: Meta
A4: June - Sandra | B4: onlysearch | C4: 4 | D4: OnlyFinder
A5: June - Sandra | B5: Only Guider 1 | C5: 3 | D5: OnlyGuider
A6: June - Sandra | B6: Onlyfinder 1 | C6: 2 | D6: OnlyFinder
A7: June - Sandra | B7: Onlyguider | C7: 1 | D7: OnlyGuider
A8: Marissa munoz | B8: Onlyfinder new 04/05 | C8: 49 | D8: OnlyFinder
A9: Marissa munoz | B9: onlyfinder Apr | C9: 46 | D9: OnlyFinder
A10: Marissa munoz | B10: Meta ads Gly's IG | C10: 45 | D10: Meta
A11: Marissa munoz | B11: Meta ads Finlay's IG | C11: 44 | D11: Meta
A12: Marissa munoz | B12: ONLYFINDER | C12: 27 | D12: OnlyFinder

Sheet Feed
A1: =IFERROR(IMPORTDATA("https://uncvrd-ad-suite.onrender.com/sheet-feed?key=uncvrd2026&sheet="&'Start Here'!$B$2),"") | U1: DateKey | W1: Raw auto data from the UNCVRD server. Don't type here.
U2: =ARRAYFORMULA(IF(LEN(A2:A100000)=0,"",TEXT(A2:A100000,"yyyy-mm-dd")))
