Workbook

Sheet Scorecard
A1: UNCVRD — AD SCORECARD (LIVE)
A2: Fills itself from the server (Feed tab) — no buttons, no scripts. Pick a Creator and a Week. CPC ≤ $0.70, CVR ≥ 25%.
B3: Week of (Sun) ▸ | C3: 46180 | E3: Creator ▸ | F3: All | H3: ← pick creator & week
B4: METRIC | C4: =TEXT(C5,"ddd") | D4: =TEXT(D5,"ddd") | E4: =TEXT(E5,"ddd") | F4: =TEXT(F5,"ddd") | G4: =TEXT(G5,"ddd") | H4: =TEXT(H5,"ddd") | I4: =TEXT(I5,"ddd") | J4: Avg/day | K4: Target | L4: Status | M4: Source | N4: Notes
C5: =$C$3+0 | D5: =$C$3+1 | E5: =$C$3+2 | F5: =$C$3+3 | G5: =$C$3+4 | H5: =$C$3+5 | I5: =$C$3+6
A6: SPEND
B7: Ad Spend — Meta | C7: =SUMIFS(Feed!$C:$C,Feed!$U:$U,TEXT(C$5,"yyyy-mm-dd"),Feed!$B:$B,IF($F$3="All","*",$F$3)) | D7: =SUMIFS(Feed!$C:$C,Feed!$U:$U,TEXT(D$5,"yyyy-mm-dd"),Feed!$B:$B,IF($F$3="All","*",$F$3)) | E7: =SUMIFS(Feed!$C:$C,Feed!$U:$U,TEXT(E$5,"yyyy-mm-dd"),Feed!$B:$B,IF($F$3="All","*",$F$3)) | F7: =SUMIFS(Feed!$C:$C,Feed!$U:$U,TEXT(F$5,"yyyy-mm-dd"),Feed!$B:$B,IF($F$3="All","*",$F$3)) | G7: =SUMIFS(Feed!$C:$C,Feed!$U:$U,TEXT(G$5,"yyyy-mm-dd"),Feed!$B:$B,IF($F$3="All","*",$F$3)) | H7: =SUMIFS(Feed!$C:$C,Feed!$U:$U,TEXT(H$5,"yyyy-mm-dd"),Feed!$B:$B,IF($F$3="All","*",$F$3)) | I7: =SUMIFS(Feed!$C:$C,Feed!$U:$U,TEXT(I$5,"yyyy-mm-dd"),Feed!$B:$B,IF($F$3="All","*",$F$3)) | J7: =IFERROR(AVERAGE(C7:I7),"") | M7: Meta API | N7: auto (via server)
B8: Ad Spend — OnlyFinder | C8: =SUMIFS('Manual Spend'!$D:$D,'Manual Spend'!$A:$A,C$5,'Manual Spend'!$B:$B,IF($F$3="All","*",$F$3),'Manual Spend'!$C:$C,"OnlyFinder") | D8: =SUMIFS('Manual Spend'!$D:$D,'Manual Spend'!$A:$A,D$5,'Manual Spend'!$B:$B,IF($F$3="All","*",$F$3),'Manual Spend'!$C:$C,"OnlyFinder") | E8: =SUMIFS('Manual Spend'!$D:$D,'Manual Spend'!$A:$A,E$5,'Manual Spend'!$B:$B,IF($F$3="All","*",$F$3),'Manual Spend'!$C:$C,"OnlyFinder") | F8: =SUMIFS('Manual Spend'!$D:$D,'Manual Spend'!$A:$A,F$5,'Manual Spend'!$B:$B,IF($F$3="All","*",$F$3),'Manual Spend'!$C:$C,"OnlyFinder") | G8: =SUMIFS('Manual Spend'!$D:$D,'Manual Spend'!$A:$A,G$5,'Manual Spend'!$B:$B,IF($F$3="All","*",$F$3),'Manual Spend'!$C:$C,"OnlyFinder") | H8: =SUMIFS('Manual Spend'!$D:$D,'Manual Spend'!$A:$A,H$5,'Manual Spend'!$B:$B,IF($F$3="All","*",$F$3),'Manual Spend'!$C:$C,"OnlyFinder") | I8: =SUMIFS('Manual Spend'!$D:$D,'Manual Spend'!$A:$A,I$5,'Manual Spend'!$B:$B,IF($F$3="All","*",$F$3),'Manual Spend'!$C:$C,"OnlyFinder") | J8: =IFERROR(AVERAGE(C8:I8),"") | M8: Manual Spend tab | N8: type in Manual Spend
B9: Ad Spend — OnlyGuider | C9: =SUMIFS('Manual Spend'!$D:$D,'Manual Spend'!$A:$A,C$5,'Manual Spend'!$B:$B,IF($F$3="All","*",$F$3),'Manual Spend'!$C:$C,"OnlyGuider") | D9: =SUMIFS('Manual Spend'!$D:$D,'Manual Spend'!$A:$A,D$5,'Manual Spend'!$B:$B,IF($F$3="All","*",$F$3),'Manual Spend'!$C:$C,"OnlyGuider") | E9: =SUMIFS('Manual Spend'!$D:$D,'Manual Spend'!$A:$A,E$5,'Manual Spend'!$B:$B,IF($F$3="All","*",$F$3),'Manual Spend'!$C:$C,"OnlyGuider") | F9: =SUMIFS('Manual Spend'!$D:$D,'Manual Spend'!$A:$A,F$5,'Manual Spend'!$B:$B,IF($F$3="All","*",$F$3),'Manual Spend'!$C:$C,"OnlyGuider") | G9: =SUMIFS('Manual Spend'!$D:$D,'Manual Spend'!$A:$A,G$5,'Manual Spend'!$B:$B,IF($F$3="All","*",$F$3),'Manual Spend'!$C:$C,"OnlyGuider") | H9: =SUMIFS('Manual Spend'!$D:$D,'Manual Spend'!$A:$A,H$5,'Manual Spend'!$B:$B,IF($F$3="All","*",$F$3),'Manual Spend'!$C:$C,"OnlyGuider") | I9: =SUMIFS('Manual Spend'!$D:$D,'Manual Spend'!$A:$A,I$5,'Manual Spend'!$B:$B,IF($F$3="All","*",$F$3),'Manual Spend'!$C:$C,"OnlyGuider") | J9: =IFERROR(AVERAGE(C9:I9),"") | M9: Manual Spend tab | N9: type in Manual Spend
B10: Ad Spend — OnlySeeker | C10: =SUMIFS('Manual Spend'!$D:$D,'Manual Spend'!$A:$A,C$5,'Manual Spend'!$B:$B,IF($F$3="All","*",$F$3),'Manual Spend'!$C:$C,"OnlySeeker") | D10: =SUMIFS('Manual Spend'!$D:$D,'Manual Spend'!$A:$A,D$5,'Manual Spend'!$B:$B,IF($F$3="All","*",$F$3),'Manual Spend'!$C:$C,"OnlySeeker") | E10: =SUMIFS('Manual Spend'!$D:$D,'Manual Spend'!$A:$A,E$5,'Manual Spend'!$B:$B,IF($F$3="All","*",$F$3),'Manual Spend'!$C:$C,"OnlySeeker") | F10: =SUMIFS('Manual Spend'!$D:$D,'Manual Spend'!$A:$A,F$5,'Manual Spend'!$B:$B,IF($F$3="All","*",$F$3),'Manual Spend'!$C:$C,"OnlySeeker") | G10: =SUMIFS('Manual Spend'!$D:$D,'Manual Spend'!$A:$A,G$5,'Manual Spend'!$B:$B,IF($F$3="All","*",$F$3),'Manual Spend'!$C:$C,"OnlySeeker") | H10: =SUMIFS('Manual Spend'!$D:$D,'Manual Spend'!$A:$A,H$5,'Manual Spend'!$B:$B,IF($F$3="All","*",$F$3),'Manual Spend'!$C:$C,"OnlySeeker") | I10: =SUMIFS('Manual Spend'!$D:$D,'Manual Spend'!$A:$A,I$5,'Manual Spend'!$B:$B,IF($F$3="All","*",$F$3),'Manual Spend'!$C:$C,"OnlySeeker") | J10: =IFERROR(AVERAGE(C10:I10),"") | M10: Manual Spend tab | N10: type in Manual Spend
B11: Total Ad Spend | C11: =SUM(C7:C10) | D11: =SUM(D7:D10) | E11: =SUM(E7:E10) | F11: =SUM(F7:F10) | G11: =SUM(G7:G10) | H11: =SUM(H7:H10) | I11: =SUM(I7:I10) | J11: =IFERROR(AVERAGE(C11:I11),"") | M11: Formula
A12: TRAFFIC
B13: Clicks — Meta | C13: =SUMIFS(Feed!$G:$G,Feed!$U:$U,TEXT(C$5,"yyyy-mm-dd"),Feed!$B:$B,IF($F$3="All","*",$F$3)) | D13: =SUMIFS(Feed!$G:$G,Feed!$U:$U,TEXT(D$5,"yyyy-mm-dd"),Feed!$B:$B,IF($F$3="All","*",$F$3)) | E13: =SUMIFS(Feed!$G:$G,Feed!$U:$U,TEXT(E$5,"yyyy-mm-dd"),Feed!$B:$B,IF($F$3="All","*",$F$3)) | F13: =SUMIFS(Feed!$G:$G,Feed!$U:$U,TEXT(F$5,"yyyy-mm-dd"),Feed!$B:$B,IF($F$3="All","*",$F$3)) | G13: =SUMIFS(Feed!$G:$G,Feed!$U:$U,TEXT(G$5,"yyyy-mm-dd"),Feed!$B:$B,IF($F$3="All","*",$F$3)) | H13: =SUMIFS(Feed!$G:$G,Feed!$U:$U,TEXT(H$5,"yyyy-mm-dd"),Feed!$B:$B,IF($F$3="All","*",$F$3)) | I13: =SUMIFS(Feed!$G:$G,Feed!$U:$U,TEXT(I$5,"yyyy-mm-dd"),Feed!$B:$B,IF($F$3="All","*",$F$3)) | J13: =IFERROR(AVERAGE(C13:I13),"") | M13: OnlyFans API
B14: Clicks — OnlyFinder | C14: =SUMIFS(Feed!$H:$H,Feed!$U:$U,TEXT(C$5,"yyyy-mm-dd"),Feed!$B:$B,IF($F$3="All","*",$F$3)) | D14: =SUMIFS(Feed!$H:$H,Feed!$U:$U,TEXT(D$5,"yyyy-mm-dd"),Feed!$B:$B,IF($F$3="All","*",$F$3)) | E14: =SUMIFS(Feed!$H:$H,Feed!$U:$U,TEXT(E$5,"yyyy-mm-dd"),Feed!$B:$B,IF($F$3="All","*",$F$3)) | F14: =SUMIFS(Feed!$H:$H,Feed!$U:$U,TEXT(F$5,"yyyy-mm-dd"),Feed!$B:$B,IF($F$3="All","*",$F$3)) | G14: =SUMIFS(Feed!$H:$H,Feed!$U:$U,TEXT(G$5,"yyyy-mm-dd"),Feed!$B:$B,IF($F$3="All","*",$F$3)) | H14: =SUMIFS(Feed!$H:$H,Feed!$U:$U,TEXT(H$5,"yyyy-mm-dd"),Feed!$B:$B,IF($F$3="All","*",$F$3)) | I14: =SUMIFS(Feed!$H:$H,Feed!$U:$U,TEXT(I$5,"yyyy-mm-dd"),Feed!$B:$B,IF($F$3="All","*",$F$3)) | J14: =IFERROR(AVERAGE(C14:I14),"") | M14: OnlyFans API
B15: Clicks — OnlyGuider | C15: =SUMIFS(Feed!$I:$I,Feed!$U:$U,TEXT(C$5,"yyyy-mm-dd"),Feed!$B:$B,IF($F$3="All","*",$F$3)) | D15: =SUMIFS(Feed!$I:$I,Feed!$U:$U,TEXT(D$5,"yyyy-mm-dd"),Feed!$B:$B,IF($F$3="All","*",$F$3)) | E15: =SUMIFS(Feed!$I:$I,Feed!$U:$U,TEXT(E$5,"yyyy-mm-dd"),Feed!$B:$B,IF($F$3="All","*",$F$3)) | F15: =SUMIFS(Feed!$I:$I,Feed!$U:$U,TEXT(F$5,"yyyy-mm-dd"),Feed!$B:$B,IF($F$3="All","*",$F$3)) | G15: =SUMIFS(Feed!$I:$I,Feed!$U:$U,TEXT(G$5,"yyyy-mm-dd"),Feed!$B:$B,IF($F$3="All","*",$F$3)) | H15: =SUMIFS(Feed!$I:$I,Feed!$U:$U,TEXT(H$5,"yyyy-mm-dd"),Feed!$B:$B,IF($F$3="All","*",$F$3)) | I15: =SUMIFS(Feed!$I:$I,Feed!$U:$U,TEXT(I$5,"yyyy-mm-dd"),Feed!$B:$B,IF($F$3="All","*",$F$3)) | J15: =IFERROR(AVERAGE(C15:I15),"") | M15: OnlyFans API
B16: Clicks — OnlySeeker | C16: =SUMIFS(Feed!$J:$J,Feed!$U:$U,TEXT(C$5,"yyyy-mm-dd"),Feed!$B:$B,IF($F$3="All","*",$F$3)) | D16: =SUMIFS(Feed!$J:$J,Feed!$U:$U,TEXT(D$5,"yyyy-mm-dd"),Feed!$B:$B,IF($F$3="All","*",$F$3)) | E16: =SUMIFS(Feed!$J:$J,Feed!$U:$U,TEXT(E$5,"yyyy-mm-dd"),Feed!$B:$B,IF($F$3="All","*",$F$3)) | F16: =SUMIFS(Feed!$J:$J,Feed!$U:$U,TEXT(F$5,"yyyy-mm-dd"),Feed!$B:$B,IF($F$3="All","*",$F$3)) | G16: =SUMIFS(Feed!$J:$J,Feed!$U:$U,TEXT(G$5,"yyyy-mm-dd"),Feed!$B:$B,IF($F$3="All","*",$F$3)) | H16: =SUMIFS(Feed!$J:$J,Feed!$U:$U,TEXT(H$5,"yyyy-mm-dd"),Feed!$B:$B,IF($F$3="All","*",$F$3)) | I16: =SUMIFS(Feed!$J:$J,Feed!$U:$U,TEXT(I$5,"yyyy-mm-dd"),Feed!$B:$B,IF($F$3="All","*",$F$3)) | J16: =IFERROR(AVERAGE(C16:I16),"") | M16: OnlyFans API
B17: Total Clicks | C17: =SUM(C13:C16) | D17: =SUM(D13:D16) | E17: =SUM(E13:E16) | F17: =SUM(F13:F16) | G17: =SUM(G13:G16) | H17: =SUM(H13:H16) | I17: =SUM(I13:I16) | J17: =IFERROR(AVERAGE(C17:I17),"") | M17: Formula
B18: CPC — Meta | C18: =IFERROR(C7/C13,"") | D18: =IFERROR(D7/D13,"") | E18: =IFERROR(E7/E13,"") | F18: =IFERROR(F7/F13,"") | G18: =IFERROR(G7/G13,"") | H18: =IFERROR(H7/H13,"") | I18: =IFERROR(I7/I13,"") | J18: =IFERROR(AVERAGE(C18:I18),"") | K18: 0.7 | L18: =IF(N(J18)=0,"",IF(J18<=K18,"✅","⚠️")) | M18: Formula | N18: ≤ $0.70
B19: CPC — OnlyFinder | C19: =IFERROR(C8/C14,"") | D19: =IFERROR(D8/D14,"") | E19: =IFERROR(E8/E14,"") | F19: =IFERROR(F8/F14,"") | G19: =IFERROR(G8/G14,"") | H19: =IFERROR(H8/H14,"") | I19: =IFERROR(I8/I14,"") | J19: =IFERROR(AVERAGE(C19:I19),"") | K19: 0.7 | L19: =IF(N(J19)=0,"",IF(J19<=K19,"✅","⚠️")) | M19: Formula | N19: ≤ $0.70
B20: Blended CPC | C20: =IFERROR(C11/C17,"") | D20: =IFERROR(D11/D17,"") | E20: =IFERROR(E11/E17,"") | F20: =IFERROR(F11/F17,"") | G20: =IFERROR(G11/G17,"") | H20: =IFERROR(H11/H17,"") | I20: =IFERROR(I11/I17,"") | J20: =IFERROR(AVERAGE(C20:I20),"") | K20: 0.7 | L20: =IF(N(J20)=0,"",IF(J20<=K20,"✅","⚠️")) | M20: Formula
A21: FANS (CONVERSIONS)
B22: New Fans — Meta | C22: =SUMIFS(Feed!$K:$K,Feed!$U:$U,TEXT(C$5,"yyyy-mm-dd"),Feed!$B:$B,IF($F$3="All","*",$F$3)) | D22: =SUMIFS(Feed!$K:$K,Feed!$U:$U,TEXT(D$5,"yyyy-mm-dd"),Feed!$B:$B,IF($F$3="All","*",$F$3)) | E22: =SUMIFS(Feed!$K:$K,Feed!$U:$U,TEXT(E$5,"yyyy-mm-dd"),Feed!$B:$B,IF($F$3="All","*",$F$3)) | F22: =SUMIFS(Feed!$K:$K,Feed!$U:$U,TEXT(F$5,"yyyy-mm-dd"),Feed!$B:$B,IF($F$3="All","*",$F$3)) | G22: =SUMIFS(Feed!$K:$K,Feed!$U:$U,TEXT(G$5,"yyyy-mm-dd"),Feed!$B:$B,IF($F$3="All","*",$F$3)) | H22: =SUMIFS(Feed!$K:$K,Feed!$U:$U,TEXT(H$5,"yyyy-mm-dd"),Feed!$B:$B,IF($F$3="All","*",$F$3)) | I22: =SUMIFS(Feed!$K:$K,Feed!$U:$U,TEXT(I$5,"yyyy-mm-dd"),Feed!$B:$B,IF($F$3="All","*",$F$3)) | J22: =IFERROR(AVERAGE(C22:I22),"") | M22: OnlyFans API | N22: links named meta
B23: New Fans — OnlyFinder | C23: =SUMIFS(Feed!$L:$L,Feed!$U:$U,TEXT(C$5,"yyyy-mm-dd"),Feed!$B:$B,IF($F$3="All","*",$F$3)) | D23: =SUMIFS(Feed!$L:$L,Feed!$U:$U,TEXT(D$5,"yyyy-mm-dd"),Feed!$B:$B,IF($F$3="All","*",$F$3)) | E23: =SUMIFS(Feed!$L:$L,Feed!$U:$U,TEXT(E$5,"yyyy-mm-dd"),Feed!$B:$B,IF($F$3="All","*",$F$3)) | F23: =SUMIFS(Feed!$L:$L,Feed!$U:$U,TEXT(F$5,"yyyy-mm-dd"),Feed!$B:$B,IF($F$3="All","*",$F$3)) | G23: =SUMIFS(Feed!$L:$L,Feed!$U:$U,TEXT(G$5,"yyyy-mm-dd"),Feed!$B:$B,IF($F$3="All","*",$F$3)) | H23: =SUMIFS(Feed!$L:$L,Feed!$U:$U,TEXT(H$5,"yyyy-mm-dd"),Feed!$B:$B,IF($F$3="All","*",$F$3)) | I23: =SUMIFS(Feed!$L:$L,Feed!$U:$U,TEXT(I$5,"yyyy-mm-dd"),Feed!$B:$B,IF($F$3="All","*",$F$3)) | J23: =IFERROR(AVERAGE(C23:I23),"") | M23: OnlyFans API
B24: New Fans — OnlyGuider | C24: =SUMIFS(Feed!$M:$M,Feed!$U:$U,TEXT(C$5,"yyyy-mm-dd"),Feed!$B:$B,IF($F$3="All","*",$F$3)) | D24: =SUMIFS(Feed!$M:$M,Feed!$U:$U,TEXT(D$5,"yyyy-mm-dd"),Feed!$B:$B,IF($F$3="All","*",$F$3)) | E24: =SUMIFS(Feed!$M:$M,Feed!$U:$U,TEXT(E$5,"yyyy-mm-dd"),Feed!$B:$B,IF($F$3="All","*",$F$3)) | F24: =SUMIFS(Feed!$M:$M,Feed!$U:$U,TEXT(F$5,"yyyy-mm-dd"),Feed!$B:$B,IF($F$3="All","*",$F$3)) | G24: =SUMIFS(Feed!$M:$M,Feed!$U:$U,TEXT(G$5,"yyyy-mm-dd"),Feed!$B:$B,IF($F$3="All","*",$F$3)) | H24: =SUMIFS(Feed!$M:$M,Feed!$U:$U,TEXT(H$5,"yyyy-mm-dd"),Feed!$B:$B,IF($F$3="All","*",$F$3)) | I24: =SUMIFS(Feed!$M:$M,Feed!$U:$U,TEXT(I$5,"yyyy-mm-dd"),Feed!$B:$B,IF($F$3="All","*",$F$3)) | J24: =IFERROR(AVERAGE(C24:I24),"") | M24: OnlyFans API
B25: New Fans — OnlySeeker | C25: =SUMIFS(Feed!$N:$N,Feed!$U:$U,TEXT(C$5,"yyyy-mm-dd"),Feed!$B:$B,IF($F$3="All","*",$F$3)) | D25: =SUMIFS(Feed!$N:$N,Feed!$U:$U,TEXT(D$5,"yyyy-mm-dd"),Feed!$B:$B,IF($F$3="All","*",$F$3)) | E25: =SUMIFS(Feed!$N:$N,Feed!$U:$U,TEXT(E$5,"yyyy-mm-dd"),Feed!$B:$B,IF($F$3="All","*",$F$3)) | F25: =SUMIFS(Feed!$N:$N,Feed!$U:$U,TEXT(F$5,"yyyy-mm-dd"),Feed!$B:$B,IF($F$3="All","*",$F$3)) | G25: =SUMIFS(Feed!$N:$N,Feed!$U:$U,TEXT(G$5,"yyyy-mm-dd"),Feed!$B:$B,IF($F$3="All","*",$F$3)) | H25: =SUMIFS(Feed!$N:$N,Feed!$U:$U,TEXT(H$5,"yyyy-mm-dd"),Feed!$B:$B,IF($F$3="All","*",$F$3)) | I25: =SUMIFS(Feed!$N:$N,Feed!$U:$U,TEXT(I$5,"yyyy-mm-dd"),Feed!$B:$B,IF($F$3="All","*",$F$3)) | J25: =IFERROR(AVERAGE(C25:I25),"") | M25: OnlyFans API
B26: Total New Fans | C26: =SUM(C22:C25) | D26: =SUM(D22:D25) | E26: =SUM(E22:E25) | F26: =SUM(F22:F25) | G26: =SUM(G22:G25) | H26: =SUM(H22:H25) | I26: =SUM(I22:I25) | J26: =IFERROR(AVERAGE(C26:I26),"") | M26: Formula
B27: Subscription CVR — Meta | C27: =IFERROR(C22/C13,"") | D27: =IFERROR(D22/D13,"") | E27: =IFERROR(E22/E13,"") | F27: =IFERROR(F22/F13,"") | G27: =IFERROR(G22/G13,"") | H27: =IFERROR(H22/H13,"") | I27: =IFERROR(I22/I13,"") | J27: =IFERROR(AVERAGE(C27:I27),"") | K27: 0.25 | L27: =IF(N(J27)=0,"",IF(J27>=K27,"✅","⚠️")) | M27: Formula | N27: ≥ 25% else split-test
B28: Subscription CVR — Blended | C28: =IFERROR(C26/C17,"") | D28: =IFERROR(D26/D17,"") | E28: =IFERROR(E26/E17,"") | F28: =IFERROR(F26/F17,"") | G28: =IFERROR(G26/G17,"") | H28: =IFERROR(H26/H17,"") | I28: =IFERROR(I26/I17,"") | J28: =IFERROR(AVERAGE(C28:I28),"") | K28: 0.25 | L28: =IF(N(J28)=0,"",IF(J28>=K28,"✅","⚠️")) | M28: Formula
B29: Cost per Fan (CAC) | C29: =IFERROR(C11/C26,"") | D29: =IFERROR(D11/D26,"") | E29: =IFERROR(E11/E26,"") | F29: =IFERROR(F11/F26,"") | G29: =IFERROR(G11/G26,"") | H29: =IFERROR(H11/H26,"") | I29: =IFERROR(I11/I26,"") | J29: =IFERROR(AVERAGE(C29:I29),"") | M29: Formula
A30: REVENUE
B31: Revenue | C31: =SUMIFS(Feed!$O:$O,Feed!$U:$U,TEXT(C$5,"yyyy-mm-dd"),Feed!$B:$B,IF($F$3="All","*",$F$3)) | D31: =SUMIFS(Feed!$O:$O,Feed!$U:$U,TEXT(D$5,"yyyy-mm-dd"),Feed!$B:$B,IF($F$3="All","*",$F$3)) | E31: =SUMIFS(Feed!$O:$O,Feed!$U:$U,TEXT(E$5,"yyyy-mm-dd"),Feed!$B:$B,IF($F$3="All","*",$F$3)) | F31: =SUMIFS(Feed!$O:$O,Feed!$U:$U,TEXT(F$5,"yyyy-mm-dd"),Feed!$B:$B,IF($F$3="All","*",$F$3)) | G31: =SUMIFS(Feed!$O:$O,Feed!$U:$U,TEXT(G$5,"yyyy-mm-dd"),Feed!$B:$B,IF($F$3="All","*",$F$3)) | H31: =SUMIFS(Feed!$O:$O,Feed!$U:$U,TEXT(H$5,"yyyy-mm-dd"),Feed!$B:$B,IF($F$3="All","*",$F$3)) | I31: =SUMIFS(Feed!$O:$O,Feed!$U:$U,TEXT(I$5,"yyyy-mm-dd"),Feed!$B:$B,IF($F$3="All","*",$F$3)) | J31: =IFERROR(AVERAGE(C31:I31),"") | M31: OnlyFans API
B32: Revenue per Fan (LTV) | C32: =IFERROR(C31/C26,"") | D32: =IFERROR(D31/D26,"") | E32: =IFERROR(E31/E26,"") | F32: =IFERROR(F31/F26,"") | G32: =IFERROR(G31/G26,"") | H32: =IFERROR(H31/H26,"") | I32: =IFERROR(I31/I26,"") | J32: =IFERROR(AVERAGE(C32:I32),"") | M32: Formula
B33: ROAS | C33: =IFERROR(C31/C11,"") | D33: =IFERROR(D31/D11,"") | E33: =IFERROR(E31/E11,"") | F33: =IFERROR(F31/F11,"") | G33: =IFERROR(G31/G11,"") | H33: =IFERROR(H31/H11,"") | I33: =IFERROR(I31/I11,"") | J33: =IFERROR(AVERAGE(C33:I33),"") | K33: 2 | L33: =IF(N(J33)=0,"",IF(J33>=K33,"✅","⚠️")) | M33: Formula | N33: ≥2x scale · <1x cut
B34: Profit | C34: =C31-C11 | D34: =D31-D11 | E34: =E31-E11 | F34: =F31-F11 | G34: =G31-G11 | H34: =H31-H11 | I34: =I31-I11 | J34: =IFERROR(AVERAGE(C34:I34),"") | M34: Formula

Sheet Feed
A1: =IMPORTDATA("https://uncvrd-ad-suite.onrender.com/sheet-feed?key=uncvrd2026&sheet="&'Link Settings'!$B$1) | U1: DateKey | W1: This tab fills itself from the UNCVRD server (history included). Don't type here.
U2: =ARRAYFORMULA(IF(LEN(A2:A100000)=0,"",TEXT(A2:A100000,"yyyy-mm-dd")))

Sheet Manual Spend
A1: MANUAL SPEND — type what you spent on OnlyFinder / OnlyGuider / OnlySeeker (no API for those). One row per day per platform.
A2: Date | B2: Creator | C2: Platform | D2: Amount ($)

Sheet Link Settings
A1: Sheet ID ▸ | C1: ⬅ Paste this sheet's ID (the code in its URL between /d/ and /edit) to switch ON manual control. Leave blank = fully automatic.
A2: LINK SETTINGS — leave Override BLANK to auto-detect by name. Or force a platform, or type Ignore to exclude a link.
A3: Creator | B3: Tracking link | C3: Code | D3: Auto-detected | E3: Override (your choice)
A4: Antonella | B4: onlyfinder 13/06 | C4: 4 | D4: OnlyFinder
A5: Antonella | B5: ONLYSEEKER | C5: 3 | D5: OnlySeeker
A6: Antonella | B6: ONLYFINDER a | C6: 2 | D6: OnlyFinder
A7: Antonella | B7: ONLYGUIDER | C7: 1 | D7: OnlyGuider
A8: June - Sandra | B8: meta ads | C8: 37 | D8: Meta
A9: June - Sandra | B9: onlysearch | C9: 4 | D9: OnlyFinder
A10: June - Sandra | B10: Only Guider 1 | C10: 3 | D10: OnlyGuider
A11: June - Sandra | B11: Onlyfinder 1 | C11: 2 | D11: OnlyFinder
A12: June - Sandra | B12: Onlyguider | C12: 1 | D12: OnlyGuider
A13: Marissa munoz | B13: Onlyfinder new 04/05 | C13: 49 | D13: OnlyFinder
A14: Marissa munoz | B14: onlyfinder Apr | C14: 46 | D14: OnlyFinder
A15: Marissa munoz | B15: Meta ads Gly's IG | C15: 45 | D15: Meta
... A17: Marissa munoz | B17: ONLYFINDER | C17: 27 | D17: OnlyFinder
